Timestamp,Serial,Age,Gender,Occupation,Location,Monthly Income Max,Monthly Theatre Frequency,Theatre Goer Type,Ticket price,Convenience/ location,Quality of movie content,Experience,Availability of discounts/ subscriptions,Exclusive theatrical release (delayed OTT),Trailers and Promotions,Standard Shows,Premium Experiences,Special Shows,WTP F&B Max,Monthly OTT Frequency,Netflix,Prime Video,Jio Hotstar,MUBI,SonyLIV,Zee5,SunNXT,Aha,Apple TV+,Other,WTP OTT Monthly Max,Content genre as a major factor for Theatre vs OTT,Action/ Adventure/ Sci-Fi,Animation,Drama/ Comedy,Family,Horror,Mystery/ Thriller,Romance,GOLDEN TICKET (GT) Interest,Theatre visiting frequency ranking due to GT (1=Strong Agreement),1 ANYDAY,2 ANYDAY,4 ANYDAY,1 WEEKDAY ONLY,2 WEEKDAY ONLY,4 WEEKDAY ONLY,Independent films exclusive screenings,In-house shooting of crew interviews,Access to film festivals,Limited time special screenings related to popular OTT series,Access to fandom merchandise,Manjummel Boys (Malayalam),Everything Everwhere all at once (English),Conclave (English),Past Lives (English),Attam (Malayalam),Poor Things (English),After Sun (English),Bullet train (English 4DX),Anatomy of a fall (French),Chhello Show (Gujarati),Crew (Hindi),Shershaah (Hindi),Bird Box (English),Darlings (Hindi),12th Fail (Hindi),The Boy and the Heron (Anime),Any additional comments or suggestions?
2/17/2025 23:01:12,1,18-24,Male,Student,Tier-1,1000000,8.00,Single Screen,2,4,3,1,3,1,4,199,10000,10000,499,25,TRUE,TRUE,TRUE,FALSE,TRUE,TRUE,TRUE,TRUE,FALSE,FALSE,1500,Maybe,Theatre,Theatre,Theatre,Theatre,Theatre,Theatre,OTT,Yes,1,0,499,499,749,749,749,1,1,1,2,1,TRUE,FALSE,FALSE,FALSE,FALSE,FALSE,FALSE,TRUE,FALSE,FALSE,FALSE,TRUE,FALSE,FALSE,TRUE,FALSE,
2/17/2025 23:12:59,2,18-24,Male,Student,Tier-1,Not Applicable,8.00,Single Screen,4,3,2,4,5,5,3,199,499,10000,499,25,TRUE,TRUE,TRUE,FALSE,FALSE,FALSE,FALSE,FALSE,FALSE,FALSE,500,Maybe,Theatre,OTT,Theatre,OTT,OTT,Theatre,Indifferent,Yes,2,499,749,499,749,749,749,1,2,1,2,2,TRUE,FALSE,TRUE,FALSE,FALSE,FALSE,TRUE,TRUE,FALSE,FALSE,FALSE,FALSE,FALSE,FALSE,FALSE,FALSE,
2/17/2025 23:14:00,3,18-24,Female,Student,Tier-2,Not Applicable,0.33,Multiplex,2,3,1,3,3,5,2,299,399,399,249,25,TRUE,TRUE,TRUE,FALSE,FALSE,FALSE,FALSE,FALSE,FALSE,FALSE,750,No,Indifferent,Indifferent,Indifferent,Indifferent,Indifferent,Indifferent,Indifferent,Yes,2,0,499,499,999,999,999,3,3,2,2,1,FALSE,TRUE,FALSE,FALSE,FALSE,FALSE,TRUE,FALSE,TRUE,FALSE,FALSE,FALSE,FALSE,FALSE,FALSE,TRUE,
2/17/2025 23:15:58,4,25-34,Male,Student,Tier-1,50000,1.00,Multiplex,3,4,3,1,5,2,5,399,499,10000,499,5,TRUE,TRUE,TRUE,FALSE,TRUE,FALSE,TRUE,FALSE,TRUE,FALSE,1000,Yes,Theatre,OTT,Theatre,OTT,OTT,Theatre,OTT,Maybe,2,499,749,999,0,0,0,2,4,4,2,5,TRUE,TRUE,FALSE,FALSE,FALSE,FALSE,FALSE,TRUE,TRUE,FALSE,FALSE,FALSE,FALSE,FALSE,FALSE,FALSE,
2/18/2025 12:16:39,5,25-34,Male,Student,Tier-1,Not Applicable,8.00,Multiplex,2,4,5,5,4,4,4,299,10000,499,499,5,TRUE,TRUE,FALSE,FALSE,FALSE,FALSE,FALSE,FALSE,FALSE,FALSE,1000,No,Indifferent,Indifferent,Indifferent,Indifferent,Indifferent,Indifferent,Indifferent,Maybe,2,499,749,999,0,499,749,2,1,2,1,2,FALSE,FALSE,TRUE,FALSE,FALSE,FALSE,FALSE,FALSE,FALSE,FALSE,FALSE,TRUE,TRUE,FALSE,TRUE,FALSE,
2/18/2025 16:25:56,6,25-34,Male,Student,Metro City,150000,2.00,Multiplex,4,3,2,4,5,1,5,199,299,299,249,25,TRUE,TRUE,TRUE,FALSE,TRUE,FALSE,FALSE,FALSE,TRUE,FALSE,1000,Yes,Theatre,Theatre,OTT,OTT,OTT,OTT,OTT,Yes,3,499,499,749,0,499,749,2,5,2,2,2,FALSE,TRUE,FALSE,FALSE,FALSE,FALSE,FALSE,FALSE,TRUE,FALSE,FALSE,FALSE,FALSE,FALSE,TRUE,TRUE,
2/18/2025 16:26:20,7,25-34,Female,Student,Tier-1,Not Applicable,0.17,Multiplex,5,5,5,4,5,2,2,199,199,199,99,25,TRUE,FALSE,FALSE,FALSE,FALSE,FALSE,FALSE,FALSE,FALSE,FALSE,250,No,OTT,OTT,OTT,OTT,OTT,OTT,OTT,Maybe,3,0,0,0,0,0,0,2,3,3,4,4,FALSE,FALSE,FALSE,FALSE,FALSE,TRUE,FALSE,FALSE,FALSE,FALSE,FALSE,FALSE,FALSE,TRUE,TRUE,FALSE,
2/18/2025 16:27:47,8,25-34,Male,Student,Tier-1,150000,0.33,Multiplex,1,3,2,2,1,4,5,199,199,199,99,2,TRUE,TRUE,TRUE,FALSE,TRUE,TRUE,FALSE,FALSE,FALSE,FALSE,1500,Yes,Theatre,OTT,OTT,OTT,OTT,OTT,OTT,Yes,1,749,999,1499,499,499,749,3,3,3,3,3,FALSE,TRUE,FALSE,FALSE,FALSE,FALSE,FALSE,FALSE,FALSE,FALSE,FALSE,FALSE,FALSE,FALSE,FALSE,FALSE,
2/18/2025 16:35:05,9,25-34,Male,Working Professional,Tier-1,1000000,2.00,Multiplex,3,4,2,1,4,5,2,299,10000,499,499,25,TRUE,TRUE,TRUE,FALSE,TRUE,TRUE,FALSE,FALSE,TRUE,FALSE,750,No,Theatre,OTT,OTT,OTT,OTT,Theatre,Indifferent,Yes,1,749,999,999,749,749,749,3,1,4,5,4,FALSE,TRUE,TRUE,FALSE,FALSE,FALSE,FALSE,TRUE,FALSE,FALSE,FALSE,FALSE,FALSE,FALSE,TRUE,FALSE,People may be more inclined to purchase a plan if they are provided a free tub of popcorns with every multiplex movie of the Golden Ticket. 
2/18/2025 16:37:10,10,35-44,Male,Working Professional,Tier-1,150000,0.33,Multiplex,2,2,1,2,3,2,3,299,499,499,499,25,FALSE,TRUE,TRUE,FALSE,FALSE,FALSE,FALSE,FALSE,FALSE,FALSE,500,Yes,Theatre,OTT,OTT,OTT,Theatre,Theatre,Theatre,Yes,1,499,749,999,499,749,749,1,4,4,2,5,FALSE,FALSE,FALSE,FALSE,FALSE,FALSE,FALSE,TRUE,FALSE,TRUE,FALSE,TRUE,FALSE,FALSE,TRUE,FALSE,
2/18/2025 16:51:08,11,25-34,Female,Working Professional,Tier-1,50000,1.00,Multiplex,4,2,5,4,4,2,2,399,499,299,499,5,TRUE,TRUE,TRUE,FALSE,FALSE,FALSE,FALSE,FALSE,FALSE,FALSE,1000,Yes,OTT,OTT,Theatre,Theatre,Theatre,Theatre,Theatre,Yes,1,499,749,749,0,0,499,3,3,3,3,3,FALSE,FALSE,FALSE,FALSE,FALSE,FALSE,FALSE,TRUE,FALSE,FALSE,FALSE,TRUE,TRUE,FALSE,TRUE,FALSE,
2/18/2025 16:52:39,12,18-24,Female,Student,Tier-2,150000,1.00,Multiplex,4,3,1,2,5,4,5,399,10000,499,999,5,TRUE,TRUE,TRUE,FALSE,TRUE,FALSE,FALSE,FALSE,FALSE,FALSE,1000,Yes,Indifferent,OTT,Theatre,Theatre,OTT,Theatre,Theatre,Yes,2,499,749,999,1499,1999,2499,5,1,1,2,2,FALSE,TRUE,FALSE,FALSE,FALSE,FALSE,FALSE,FALSE,FALSE,FALSE,FALSE,TRUE,TRUE,TRUE,FALSE,FALSE,
2/18/2025 16:52:58,13,25-34,Female,Working Professional,Tier-1,1000000,1.00,Multiplex,1,1,2,4,1,3,2,299,299,399,499,5,TRUE,TRUE,TRUE,FALSE,FALSE,FALSE,FALSE,FALSE,FALSE,FALSE,750,No,Indifferent,Indifferent,Indifferent,Indifferent,Indifferent,Indifferent,Indifferent,Yes,2,499,499,0,0,0,0,2,5,5,1,1,FALSE,FALSE,FALSE,TRUE,FALSE,TRUE,FALSE,FALSE,FALSE,FALSE,FALSE,TRUE,FALSE,FALSE,TRUE,FALSE,
2/18/2025 16:55:41,14,25-34,Female,Student,Tier-1,Not Applicable,1.00,Multiplex,3,1,1,2,5,5,5,299,399,99,749,5,TRUE,TRUE,TRUE,FALSE,FALSE,TRUE,TRUE,FALSE,FALSE,FALSE,500,Yes,Indifferent,Indifferent,Indifferent,Indifferent,Indifferent,Indifferent,Indifferent,Yes,1,499,499,499,749,749,749,3,1,3,1,1,TRUE,FALSE,FALSE,FALSE,FALSE,TRUE,FALSE,FALSE,FALSE,FALSE,FALSE,FALSE,TRUE,FALSE,FALSE,FALSE,
2/18/2025 16:56:09,15,18-24,Female,Working Professional,Metro City,50000,0.33,Multiplex,5,4,1,5,4,5,2,399,10000,299,10000,5,TRUE,TRUE,TRUE,FALSE,TRUE,TRUE,FALSE,FALSE,FALSE,FALSE,750,Yes,Indifferent,Theatre,OTT,OTT,Indifferent,Indifferent,Indifferent,Maybe,2,0,0,749,0,0,0,5,1,5,1,1,FALSE,TRUE,FALSE,FALSE,FALSE,TRUE,FALSE,FALSE,TRUE,FALSE,FALSE,FALSE,TRUE,FALSE,FALSE,FALSE,
2/18/2025 17:16:53,16,25-34,Female,Student,Tier-3,Not Applicable,0.17,Multiplex,3,1,1,3,4,4,5,299,399,99,499,25,TRUE,FALSE,FALSE,FALSE,FALSE,FALSE,FALSE,FALSE,FALSE,FALSE,500,Yes,Theatre,OTT,OTT,OTT,Theatre,Theatre,OTT,No,4,499,499,499,499,499,499,5,5,4,3,3,TRUE,FALSE,FALSE,FALSE,FALSE,FALSE,FALSE,FALSE,FALSE,FALSE,FALSE,TRUE,TRUE,TRUE,FALSE,FALSE,
2/18/2025 17:21:18,17,25-34,Male,Student,Metro City,Not Applicable,0.17,Multiplex,1,5,4,4,3,3,1,199,299,299,99,2,TRUE,TRUE,FALSE,FALSE,FALSE,FALSE,FALSE,FALSE,FALSE,FALSE,500,Yes,Theatre,OTT,OTT,Theatre,Theatre,Theatre,OTT,Yes,2,0,499,749,499,749,999,1,2,1,2,1,FALSE,FALSE,FALSE,FALSE,FALSE,FALSE,FALSE,FALSE,FALSE,FALSE,FALSE,TRUE,FALSE,FALSE,TRUE,FALSE,NA
2/18/2025 17:22:38,18,25-34,Female,Working Professional,Tier-1,1000000,0.33,Multiplex,5,5,1,2,5,4,3,299,99,99,499,5,TRUE,TRUE,TRUE,FALSE,FALSE,TRUE,FALSE,TRUE,FALSE,FALSE,1500,No,Indifferent,Indifferent,Indifferent,Indifferent,Indifferent,Indifferent,Indifferent,Maybe,3,499,749,0,0,0,0,2,5,5,5,5,FALSE,TRUE,FALSE,FALSE,FALSE,TRUE,FALSE,FALSE,FALSE,FALSE,FALSE,FALSE,TRUE,FALSE,FALSE,TRUE,"First, the plan is confusing: ""Additional tickets, when purchased together, are discounted at 20% off"" What does it mean? If I buy more than one ticket? Second, the 20% off on additional tickets is not provided in choosing pricing (just says OTT+1/2/4 free). Third, my understanding is that they are curating movies/shows that are already on OTT in that month.  This can work if the movies are released directly on OTT in India and this subscription lets me watch such movies in theatre. Otherwise, I am paying to watch a movie (say poor things) much later after its release. Fourth, a concern would be people are used to convenience/forwarding movies. Looks like the target customers for this maybe very niche who appreciate certain movies.
"
2/18/2025 17:28:17,19,18-24,Male,Student,Tier-1,1000000,0.33,Single Screen,1,2,3,4,5,4,3,299,299,299,99,25,FALSE,FALSE,TRUE,FALSE,FALSE,FALSE,FALSE,FALSE,FALSE,FALSE,250,Yes,Theatre,Theatre,Theatre,Theatre,Theatre,Theatre,Theatre,Yes,1,499,999,1499,749,1499,499,1,2,3,3,4,FALSE,FALSE,FALSE,TRUE,FALSE,FALSE,FALSE,FALSE,FALSE,FALSE,FALSE,TRUE,FALSE,FALSE,TRUE,TRUE,
2/18/2025 17:44:24,20,25-34,Female,Student,Tier-1,150000,0.33,Multiplex,2,4,2,3,3,5,1,199,299,399,499,5,TRUE,FALSE,FALSE,FALSE,FALSE,FALSE,FALSE,FALSE,FALSE,FALSE,750,Maybe,Indifferent,Indifferent,Indifferent,Indifferent,Indifferent,Indifferent,Indifferent,Maybe,2,0,0,749,499,499,499,2,2,2,1,2,FALSE,FALSE,FALSE,FALSE,FALSE,TRUE,TRUE,FALSE,FALSE,FALSE,FALSE,FALSE,FALSE,FALSE,TRUE,FALSE,
2/18/2025 17:51:42,21,45-54,Female,Working Professional,Tier-1,75000,0.17,Multiplex,1,3,1,5,3,3,3,399,10000,10000,999,25,TRUE,TRUE,TRUE,FALSE,TRUE,TRUE,FALSE,FALSE,FALSE,FALSE,500,No,Indifferent,Indifferent,Indifferent,Indifferent,Indifferent,Indifferent,Indifferent,Yes,2,499,749,749,0,0,0,1,3,1,1,3,FALSE,TRUE,FALSE,FALSE,TRUE,FALSE,FALSE,TRUE,FALSE,FALSE,FALSE,FALSE,FALSE,FALSE,TRUE,FALSE,"If only eatables can be subsidized, then maybe there would be a huge crowd pulling. "
2/18/2025 18:13:12,22,25-34,Male,Working Professional,Tier-2,1000000,0.33,Multiplex,5,2,1,1,4,5,2,299,10000,299,99,25,TRUE,TRUE,TRUE,FALSE,TRUE,TRUE,FALSE,FALSE,TRUE,TRUE,250,Yes,Theatre,OTT,Indifferent,Theatre,Theatre,Indifferent,Indifferent,No,4,0,0,499,0,0,499,2,1,1,1,1,TRUE,FALSE,FALSE,FALSE,FALSE,FALSE,FALSE,FALSE,TRUE,FALSE,FALSE,FALSE,TRUE,TRUE,FALSE,FALSE,
2/18/2025 18:23:25,23,25-34,Female,Student,Metro City,150000,1.00,Multiplex,4,5,3,2,4,2,2,199,399,10000,499,5,TRUE,TRUE,TRUE,FALSE,FALSE,FALSE,FALSE,FALSE,FALSE,FALSE,750,Yes,Theatre,Theatre,OTT,OTT,Theatre,Theatre,OTT,Yes,4,749,999,1999,499,749,999,2,3,4,3,4,FALSE,FALSE,FALSE,FALSE,FALSE,FALSE,TRUE,FALSE,FALSE,FALSE,FALSE,TRUE,FALSE,FALSE,TRUE,FALSE,
2/18/2025 18:31:07,24,18-24,Male,Student,Tier-1,100000,0.33,Multiplex,4,3,1,3,3,2,5,299,399,399,99,2,FALSE,FALSE,FALSE,FALSE,FALSE,FALSE,FALSE,FALSE,FALSE,TRUE,250,Maybe,Indifferent,Indifferent,Indifferent,OTT,OTT,OTT,OTT,No,3,0,499,0,0,0,0,4,1,3,3,3,FALSE,FALSE,FALSE,FALSE,FALSE,TRUE,TRUE,FALSE,TRUE,FALSE,FALSE,FALSE,FALSE,FALSE,FALSE,TRUE,
2/18/2025 18:39:49,25,25-34,Female,Student,Tier-1,Not Applicable,0.33,Multiplex,5,2,1,2,5,5,5,399,10000,399,99,25,TRUE,TRUE,TRUE,TRUE,FALSE,FALSE,FALSE,FALSE,TRUE,TRUE,1000,Yes,Theatre,Theatre,Indifferent,OTT,OTT,Indifferent,OTT,No,3,0,499,749,0,0,0,2,5,3,5,5,FALSE,TRUE,FALSE,FALSE,FALSE,FALSE,FALSE,TRUE,FALSE,FALSE,FALSE,FALSE,FALSE,FALSE,TRUE,FALSE,
2/18/2025 18:42:10,26,18-24,Male,Student,Tier-1,1000000,1.00,Multiplex,4,3,1,2,3,3,5,399,499,499,499,2,FALSE,FALSE,TRUE,FALSE,FALSE,FALSE,FALSE,FALSE,FALSE,FALSE,250,Yes,Theatre,Theatre,Indifferent,Indifferent,Indifferent,Indifferent,Indifferent,Maybe,2,0,499,749,499,749,999,1,1,1,1,1,FALSE,FALSE,FALSE,FALSE,FALSE,FALSE,FALSE,FALSE,FALSE,FALSE,FALSE,FALSE,FALSE,FALSE,TRUE,FALSE,
2/18/2025 18:48:32,27,18-24,Male,Student,Metro City,Not Applicable,0.33,Multiplex,2,2,1,5,4,2,2,399,499,499,99,2,TRUE,TRUE,TRUE,FALSE,FALSE,FALSE,FALSE,FALSE,FALSE,FALSE,1500,No,Indifferent,Indifferent,Indifferent,Indifferent,Indifferent,Indifferent,Indifferent,Yes,2,0,0,0,0,0,0,2,2,2,2,4,FALSE,FALSE,FALSE,FALSE,FALSE,FALSE,FALSE,TRUE,FALSE,FALSE,FALSE,FALSE,FALSE,FALSE,FALSE,FALSE,Meow Meow Meow Meow
2/18/2025 19:26:41,28,25-34,Male,Working Professional,Metro City,1000000,8.00,Multiplex,5,3,1,1,5,5,3,399,10000,10000,749,5,TRUE,TRUE,TRUE,FALSE,FALSE,FALSE,FALSE,FALSE,TRUE,FALSE,1500,No,Theatre,Theatre,Theatre,Theatre,Theatre,Theatre,Theatre,Yes,1,749,999,2499,749,999,1999,5,5,5,5,5,FALSE,TRUE,FALSE,TRUE,FALSE,FALSE,TRUE,TRUE,FALSE,FALSE,FALSE,FALSE,FALSE,FALSE,FALSE,FALSE,
2/18/2025 20:12:10,29,35-44,Male,Student,Tier-1,Not Applicable,0.33,Multiplex,3,2,1,4,5,5,5,299,399,299,249,25,TRUE,TRUE,TRUE,TRUE,FALSE,FALSE,FALSE,FALSE,TRUE,FALSE,1000,Yes,Indifferent,OTT,OTT,OTT,OTT,Indifferent,Indifferent,Yes,2,499,749,1499,499,749,999,4,4,3,4,4,TRUE,TRUE,TRUE,FALSE,FALSE,FALSE,FALSE,FALSE,FALSE,FALSE,FALSE,FALSE,FALSE,FALSE,FALSE,TRUE,
2/18/2025 22:27:32,30,25-34,Female,Working Professional,Tier-1,75000,1.00,Multiplex,3,2,1,2,3,4,5,299,499,10000,499,5,TRUE,TRUE,TRUE,FALSE,TRUE,FALSE,FALSE,FALSE,TRUE,FALSE,500,Yes,Indifferent,Theatre,OTT,OTT,Indifferent,OTT,OTT,Yes,3,499,499,499,499,499,499,2,1,1,1,1,FALSE,TRUE,FALSE,FALSE,FALSE,FALSE,FALSE,FALSE,FALSE,FALSE,FALSE,FALSE,TRUE,FALSE,TRUE,TRUE,
2/18/2025 22:39:33,31,25-34,Female,Working Professional,Tier-1,75000,0.17,Multiplex,4,5,4,4,4,4,5,299,399,399,99,5,TRUE,TRUE,TRUE,FALSE,FALSE,TRUE,FALSE,FALSE,FALSE,FALSE,10000,No,OTT,Theatre,OTT,Theatre,Theatre,OTT,OTT,Yes,1,999,749,499,499,749,499,2,3,2,3,3,TRUE,FALSE,FALSE,TRUE,TRUE,FALSE,FALSE,FALSE,TRUE,FALSE,FALSE,FALSE,FALSE,FALSE,FALSE,FALSE,No
2/18/2025 23:05:18,32,25-34,Male,Student,Tier-1,50000,0.33,Multiplex,1,1,1,2,1,5,5,199,299,399,99,2,FALSE,FALSE,TRUE,FALSE,FALSE,FALSE,FALSE,FALSE,FALSE,FALSE,250,Maybe,Theatre,Indifferent,Indifferent,Indifferent,Indifferent,Indifferent,Indifferent,Maybe,3,0,0,0,0,0,0,1,3,2,3,3,FALSE,TRUE,TRUE,FALSE,FALSE,FALSE,TRUE,FALSE,TRUE,FALSE,FALSE,FALSE,FALSE,FALSE,FALSE,FALSE,
2/19/2025 0:13:11,33,18-24,Male,Student,Tier-1,Not Applicable,0.33,Multiplex,2,3,1,4,5,5,5,199,299,399,99,5,TRUE,FALSE,TRUE,FALSE,TRUE,FALSE,FALSE,FALSE,FALSE,FALSE,750,Yes,Theatre,OTT,OTT,OTT,Theatre,Theatre,OTT,No,4,749,0,0,0,0,0,2,3,1,2,1,FALSE,TRUE,FALSE,FALSE,FALSE,FALSE,FALSE,FALSE,FALSE,FALSE,TRUE,FALSE,FALSE,FALSE,TRUE,TRUE,
2/19/2025 0:28:10,34,18-24,Male,Student,Metro City,1000000,0.33,Multiplex,3,1,1,1,2,1,1,499,10000,499,10000,5,TRUE,TRUE,TRUE,FALSE,FALSE,FALSE,FALSE,FALSE,FALSE,FALSE,1500,No,Indifferent,Indifferent,Indifferent,Indifferent,Indifferent,Indifferent,Indifferent,Yes,2,499,499,749,499,499,749,2,4,2,1,2,FALSE,FALSE,FALSE,FALSE,FALSE,FALSE,FALSE,FALSE,FALSE,FALSE,FALSE,TRUE,FALSE,FALSE,TRUE,FALSE,
2/19/2025 1:49:37,35,35-44,Female,Student,Tier-1,Not Applicable,0.33,Multiplex,4,2,1,3,4,4,4,199,399,10000,10000,2,TRUE,TRUE,FALSE,FALSE,FALSE,FALSE,FALSE,FALSE,FALSE,FALSE,500,Yes,Indifferent,Indifferent,Indifferent,Indifferent,OTT,Indifferent,OTT,Maybe,3,499,749,999,499,749,999,2,2,2,2,3,TRUE,FALSE,FALSE,FALSE,TRUE,FALSE,FALSE,FALSE,FALSE,FALSE,FALSE,FALSE,TRUE,FALSE,FALSE,TRUE,"Complementary popcorn and drink & reward points accumulated after the show + review about movie on app can increase the subscription. Target looks like the upper middle class/ high class premium urban movie goers. Challenge -Substandard movie quality. And non availability of movies (due to strike from actors end to distributors/theatre owners end)could pose a problem. Ratings of movies must not be less than 7.5 IMDb or some other yardstick must be catered. Incase no movies are available of set standard, there must be a mechanism to play the old famous movies including foreign language movies(like re-release), Oscar awards/Canne movie festival featured/national award winning movies exclusive for the golden ticket. A campaign could be held for the golden ticket holders at the end of every month/quarter all across the country to draw a lucky winner to have a coffee date with a movie star. Multiple winners can be given the offer to work in a movie set/ theatre operations/ be part of a movie vlog/ internship/partnership/networking with film industry depending on the winners profile. Exclusive seating can be considered for golden ticket holders."
2/19/2025 10:01:19,36,25-34,Female,Working Professional,Tier-1,50000,0.17,Multiplex,1,2,2,1,2,4,5,199,199,299,99,2,FALSE,FALSE,FALSE,FALSE,FALSE,FALSE,FALSE,FALSE,FALSE,TRUE,250,Yes,Theatre,OTT,Indifferent,Indifferent,Indifferent,Indifferent,Indifferent,Maybe,2,0,0,0,0,0,0,4,2,2,3,4,FALSE,FALSE,FALSE,FALSE,FALSE,TRUE,FALSE,TRUE,FALSE,TRUE,FALSE,FALSE,FALSE,FALSE,TRUE,FALSE,
2/19/2025 12:20:20,37,45-54,Male,Working Professional,Tier-1,150000,0.33,Multiplex,4,5,5,4,3,4,4,299,499,499,499,5,TRUE,TRUE,TRUE,FALSE,FALSE,FALSE,FALSE,FALSE,FALSE,FALSE,750,Yes,Theatre,OTT,OTT,Theatre,OTT,Indifferent,Indifferent,Yes,5,499,749,999,749,999,1999,3,2,4,3,4,FALSE,TRUE,FALSE,FALSE,FALSE,FALSE,FALSE,FALSE,FALSE,FALSE,TRUE,TRUE,FALSE,FALSE,TRUE,FALSE,
2/19/2025 12:41:44,38,35-44,Male,Working Professional,Metro City,1000000,1.00,Multiplex,1,3,1,3,1,5,5,299,399,499,10000,25,TRUE,TRUE,TRUE,FALSE,TRUE,TRUE,FALSE,FALSE,TRUE,FALSE,1000,Maybe,OTT,Theatre,Theatre,Theatre,OTT,OTT,OTT,Yes,2,0,499,749,0,0,0,2,4,4,4,5,FALSE,FALSE,FALSE,FALSE,FALSE,FALSE,TRUE,FALSE,FALSE,FALSE,TRUE,TRUE,FALSE,FALSE,FALSE,TRUE,
2/19/2025 14:37:14,39,35-44,Male,Working Professional,Metro City,1000000,0.33,Multiplex,4,5,5,3,2,1,1,299,399,399,499,5,TRUE,TRUE,TRUE,FALSE,FALSE,TRUE,FALSE,FALSE,FALSE,FALSE,250,Maybe,Theatre,Theatre,OTT,OTT,OTT,OTT,OTT,Maybe,3,0,499,749,0,0,499,3,4,2,3,4,TRUE,FALSE,FALSE,FALSE,FALSE,FALSE,FALSE,FALSE,FALSE,FALSE,FALSE,TRUE,TRUE,FALSE,TRUE,FALSE,
2/19/2025 16:29:18,40,18-24,Male,Student,Tier-1,100000,0.33,Multiplex,4,2,1,1,3,1,2,399,10000,499,249,2,FALSE,FALSE,TRUE,FALSE,FALSE,FALSE,FALSE,FALSE,FALSE,FALSE,500,Yes,Theatre,OTT,OTT,OTT,OTT,Theatre,OTT,Maybe,2,0,499,749,999,1499,1999,2,3,2,1,4,TRUE,FALSE,FALSE,FALSE,FALSE,FALSE,FALSE,FALSE,FALSE,FALSE,TRUE,TRUE,FALSE,FALSE,TRUE,FALSE,
2/19/2025 19:02:11,41,35-44,Male,Student,Tier-1,75000,2.00,Multiplex,2,1,1,2,2,5,5,299,499,399,249,5,TRUE,TRUE,TRUE,FALSE,FALSE,FALSE,FALSE,FALSE,FALSE,FALSE,500,Yes,OTT,OTT,Theatre,Theatre,OTT,OTT,Theatre,Yes,2,0,499,999,0,499,749,1,2,1,2,2,FALSE,TRUE,FALSE,TRUE,FALSE,FALSE,FALSE,FALSE,TRUE,FALSE,FALSE,FALSE,FALSE,FALSE,TRUE,FALSE,"There should be flexibility in Cinema options and some value-added features like cancelation or re-booking, offers/discounts on F&B etc. "
2/19/2025 21:13:50,42,18-24,Male,Student,Metro City,150000,1.00,Multiplex,3,3,5,4,3,2,2,99,299,399,249,5,FALSE,TRUE,TRUE,FALSE,FALSE,FALSE,FALSE,FALSE,FALSE,FALSE,500,Yes,Theatre,Theatre,OTT,OTT,Indifferent,OTT,Theatre,Maybe,3,499,749,749,0,0,0,4,3,4,4,3,FALSE,FALSE,FALSE,FALSE,FALSE,FALSE,FALSE,TRUE,FALSE,FALSE,FALSE,TRUE,FALSE,FALSE,TRUE,FALSE,
2/19/2025 21:22:03,43,18-24,Female,Student,Metro City,25000,0.33,Multiplex,2,1,1,3,3,4,3,199,399,399,99,25,TRUE,TRUE,TRUE,FALSE,TRUE,TRUE,FALSE,FALSE,FALSE,FALSE,10000,Yes,Indifferent,Indifferent,Indifferent,Theatre,Theatre,Theatre,OTT,Yes,2,499,749,749,499,749,749,2,3,1,4,2,FALSE,TRUE,FALSE,TRUE,FALSE,TRUE,FALSE,FALSE,TRUE,FALSE,FALSE,FALSE,FALSE,FALSE,FALSE,FALSE,
2/19/2025 21:24:48,44,18-24,Male,Student,Tier-2,1000000,1.00,Multiplex,2,2,1,1,3,2,4,299,499,399,499,5,TRUE,TRUE,TRUE,FALSE,TRUE,TRUE,FALSE,FALSE,FALSE,FALSE,1000,Yes,Theatre,OTT,OTT,Theatre,Theatre,Theatre,OTT,Yes,2,0,499,749,0,0,0,2,1,1,1,2,FALSE,FALSE,FALSE,FALSE,FALSE,FALSE,FALSE,FALSE,FALSE,FALSE,FALSE,TRUE,TRUE,TRUE,TRUE,FALSE,
2/19/2025 21:32:12,45,18-24,Female,Student,Metro City,Not Applicable,0.33,Multiplex,4,1,1,1,2,2,5,399,499,499,749,2,TRUE,TRUE,TRUE,FALSE,TRUE,TRUE,FALSE,FALSE,TRUE,FALSE,1000,No,Indifferent,OTT,Indifferent,Indifferent,OTT,Indifferent,Indifferent,Yes,1,499,499,749,0,0,0,2,4,2,1,2,FALSE,FALSE,FALSE,TRUE,FALSE,FALSE,TRUE,FALSE,FALSE,FALSE,FALSE,FALSE,TRUE,FALSE,TRUE,FALSE,
2/19/2025 21:32:56,46,18-24,Male,Working Professional,Metro City,100000,1.00,Multiplex,3,5,4,2,2,2,2,299,499,99,749,1,TRUE,TRUE,TRUE,FALSE,FALSE,TRUE,FALSE,FALSE,FALSE,FALSE,750,Maybe,Theatre,Indifferent,Indifferent,Indifferent,Theatre,Indifferent,Theatre,Maybe,2,0,499,499,0,0,0,5,5,5,3,3,FALSE,FALSE,TRUE,FALSE,FALSE,FALSE,TRUE,FALSE,FALSE,FALSE,FALSE,FALSE,FALSE,FALSE,TRUE,FALSE,
2/19/2025 21:33:12,47,18-24,Female,Student,Metro City,25000,0.17,Multiplex,5,5,1,5,5,3,3,299,399,399,499,2,TRUE,TRUE,TRUE,FALSE,TRUE,TRUE,FALSE,FALSE,FALSE,FALSE,500,Yes,Theatre,Theatre,OTT,OTT,OTT,OTT,OTT,No,5,0,0,0,0,0,0,5,3,5,5,5,FALSE,FALSE,FALSE,TRUE,FALSE,FALSE,FALSE,FALSE,FALSE,FALSE,TRUE,TRUE,FALSE,FALSE,TRUE,FALSE,
2/19/2025 21:37:03,48,18-24,Male,Student,Metro City,25000,1.00,Multiplex,2,3,3,1,1,2,1,199,399,399,499,25,TRUE,TRUE,TRUE,FALSE,TRUE,FALSE,FALSE,FALSE,FALSE,FALSE,1000,Yes,OTT,OTT,OTT,Theatre,Theatre,OTT,OTT,Yes,4,499,499,499,499,499,499,4,4,3,4,3,FALSE,TRUE,FALSE,FALSE,FALSE,FALSE,TRUE,TRUE,FALSE,FALSE,FALSE,FALSE,TRUE,FALSE,FALSE,FALSE,Nope
2/19/2025 21:37:57,49,18-24,Female,Student,Metro City,Not Applicable,0.33,Multiplex,2,2,1,3,5,3,4,299,10000,399,749,25,TRUE,TRUE,TRUE,FALSE,TRUE,TRUE,FALSE,FALSE,TRUE,FALSE,750,Maybe,Theatre,Indifferent,Indifferent,Indifferent,Indifferent,Indifferent,Indifferent,Yes,2,499,499,749,499,499,749,1,1,2,2,3,FALSE,FALSE,FALSE,TRUE,FALSE,FALSE,FALSE,FALSE,FALSE,FALSE,FALSE,FALSE,TRUE,TRUE,TRUE,FALSE,
2/19/2025 21:39:56,50,18-24,Male,Student,Metro City,Not Applicable,4.00,Multiplex,4,2,1,1,3,4,4,299,499,10000,10000,5,TRUE,TRUE,TRUE,FALSE,TRUE,FALSE,FALSE,FALSE,FALSE,FALSE,750,Yes,Theatre,OTT,Theatre,Theatre,OTT,Theatre,OTT,Yes,2,499,749,999,499,499,749,4,3,4,4,3,FALSE,FALSE,FALSE,FALSE,FALSE,FALSE,FALSE,FALSE,FALSE,FALSE,FALSE,TRUE,FALSE,FALSE,TRUE,FALSE,
2/19/2025 21:43:00,51,18-24,Male,Student,Tier-1,Not Applicable,1.00,Multiplex,3,2,1,2,4,4,5,299,399,299,249,25,TRUE,TRUE,TRUE,FALSE,TRUE,FALSE,FALSE,FALSE,FALSE,FALSE,500,Yes,Theatre,OTT,Theatre,OTT,OTT,Indifferent,Indifferent,Yes,2,499,749,1499,499,499,999,3,5,1,4,5,FALSE,TRUE,FALSE,FALSE,FALSE,FALSE,FALSE,TRUE,FALSE,FALSE,FALSE,TRUE,FALSE,FALSE,FALSE,TRUE,
2/19/2025 21:43:26,52,18-24,Female,Student,Metro City,Not Applicable,8.00,Multiplex,1,2,2,3,2,3,2,299,399,399,499,5,TRUE,FALSE,FALSE,FALSE,FALSE,FALSE,FALSE,FALSE,FALSE,FALSE,500,Yes,Theatre,OTT,Theatre,OTT,Theatre,Theatre,Theatre,Yes,1,499,749,999,499,749,749,3,3,2,3,3,FALSE,FALSE,FALSE,FALSE,FALSE,FALSE,FALSE,FALSE,FALSE,FALSE,FALSE,TRUE,FALSE,TRUE,TRUE,FALSE,
2/19/2025 21:45:38,53,25-34,Female,Working Professional,Metro City,1000000,0.33,Multiplex,4,2,1,3,3,2,3,299,499,399,499,25,TRUE,TRUE,FALSE,FALSE,FALSE,FALSE,FALSE,FALSE,FALSE,FALSE,500,Yes,Theatre,OTT,OTT,Theatre,Theatre,Theatre,Indifferent,Maybe,1,499,499,749,499,0,0,3,1,3,3,2,FALSE,FALSE,FALSE,TRUE,FALSE,FALSE,FALSE,FALSE,FALSE,FALSE,FALSE,TRUE,TRUE,TRUE,FALSE,FALSE,
2/19/2025 21:48:21,54,18-24,Female,Student,Metro City,Not Applicable,0.33,Multiplex,2,1,1,1,1,2,2,99,199,299,749,25,TRUE,TRUE,TRUE,FALSE,TRUE,TRUE,FALSE,FALSE,FALSE,FALSE,1500,Yes,Theatre,OTT,Theatre,Theatre,OTT,OTT,OTT,Yes,1,499,499,499,499,499,499,1,1,1,1,1,TRUE,FALSE,FALSE,FALSE,FALSE,TRUE,FALSE,FALSE,FALSE,FALSE,FALSE,TRUE,FALSE,TRUE,FALSE,FALSE,
2/19/2025 21:49:54,55,18-24,Male,Student,Metro City,25000,1.00,Multiplex,2,1,1,2,3,3,5,299,10000,399,499,5,TRUE,TRUE,TRUE,FALSE,FALSE,FALSE,FALSE,FALSE,FALSE,FALSE,750,Yes,Indifferent,Theatre,OTT,OTT,OTT,Theatre,OTT,No,2,499,749,0,0,0,0,1,4,1,1,5,FALSE,TRUE,TRUE,FALSE,FALSE,FALSE,FALSE,FALSE,FALSE,FALSE,FALSE,FALSE,FALSE,FALSE,TRUE,TRUE,
2/19/2025 21:51:25,56,25-34,Female,Working Professional,Tier-1,75000,1.00,Multiplex,2,1,1,1,3,4,1,199,299,499,99,25,TRUE,FALSE,TRUE,FALSE,FALSE,FALSE,FALSE,FALSE,FALSE,FALSE,500,Yes,Indifferent,Indifferent,Indifferent,Indifferent,Indifferent,Indifferent,Indifferent,Maybe,3,0,499,749,0,0,499,1,4,3,3,1,FALSE,TRUE,FALSE,FALSE,FALSE,FALSE,FALSE,FALSE,FALSE,FALSE,FALSE,FALSE,FALSE,TRUE,TRUE,TRUE,"What will be the criteria to avail 3 or 4 free tickets? 
What seat will I be able to choose?
At what time of the day can I go to the theatre to watch this movie with free tickets plus will there be any specific day only or it's for all the days? 
How many advertisement will be shown while watching the movie. "
2/19/2025 21:52:02,57,25-34,Female,Homemaker,Metro City,25000,0.33,Multiplex,4,2,1,1,2,4,3,199,499,299,999,25,TRUE,TRUE,TRUE,FALSE,FALSE,TRUE,FALSE,FALSE,FALSE,FALSE,10000,Maybe,Theatre,Theatre,OTT,OTT,OTT,OTT,OTT,Maybe,3,0,0,0,0,0,0,5,5,5,5,5,FALSE,FALSE,FALSE,FALSE,FALSE,FALSE,FALSE,FALSE,FALSE,FALSE,FALSE,FALSE,FALSE,TRUE,TRUE,FALSE,
2/19/2025 21:59:55,58,18-24,Male,Student,Metro City,Not Applicable,1.00,Multiplex,4,3,5,2,2,3,4,199,399,299,249,25,TRUE,TRUE,TRUE,FALSE,TRUE,FALSE,FALSE,FALSE,FALSE,FALSE,750,Yes,Indifferent,OTT,OTT,Indifferent,Theatre,Theatre,Indifferent,Yes,4,0,499,749,499,749,999,4,5,4,4,3,FALSE,FALSE,FALSE,FALSE,FALSE,FALSE,FALSE,FALSE,FALSE,FALSE,FALSE,FALSE,FALSE,FALSE,TRUE,FALSE,
2/19/2025 22:01:51,59,18-24,Female,Student,Metro City,Not Applicable,0.17,Multiplex,3,1,1,1,4,1,1,399,10000,399,999,5,TRUE,TRUE,TRUE,FALSE,TRUE,TRUE,FALSE,FALSE,FALSE,FALSE,10000,Maybe,OTT,OTT,Theatre,Theatre,OTT,OTT,OTT,Yes,2,0,0,499,0,0,0,3,3,3,2,3,FALSE,FALSE,TRUE,FALSE,FALSE,FALSE,FALSE,FALSE,FALSE,FALSE,FALSE,FALSE,TRUE,TRUE,TRUE,FALSE,
2/19/2025 22:02:44,60,25-34,Female,Working Professional,Metro City,1000000,0.33,Multiplex,2,3,2,3,2,1,1,299,399,399,999,25,TRUE,TRUE,TRUE,FALSE,FALSE,FALSE,FALSE,FALSE,TRUE,FALSE,1000,No,Indifferent,Indifferent,Indifferent,Indifferent,Indifferent,Indifferent,Indifferent,Yes,1,0,0,0,0,0,0,2,4,4,3,5,FALSE,FALSE,FALSE,TRUE,FALSE,FALSE,FALSE,FALSE,FALSE,FALSE,FALSE,FALSE,FALSE,TRUE,TRUE,FALSE,
2/19/2025 22:05:00,61,18-24,Female,Student,Metro City,Not Applicable,0.17,Multiplex,2,1,1,1,1,1,2,299,299,299,10000,25,TRUE,TRUE,TRUE,FALSE,TRUE,TRUE,FALSE,FALSE,FALSE,FALSE,10000,Yes,OTT,OTT,Theatre,Indifferent,OTT,OTT,OTT,Maybe,2,0,0,499,0,0,0,2,2,2,2,2,FALSE,FALSE,FALSE,FALSE,FALSE,TRUE,TRUE,TRUE,FALSE,FALSE,TRUE,FALSE,FALSE,FALSE,FALSE,FALSE,
2/19/2025 22:08:06,62,18-24,Male,Working Professional,Metro City,75000,0.33,Multiplex,2,2,1,2,3,5,5,299,399,499,99,2,TRUE,TRUE,TRUE,FALSE,TRUE,FALSE,FALSE,FALSE,FALSE,FALSE,250,No,Theatre,Indifferent,Indifferent,Indifferent,Theatre,Theatre,Indifferent,No,1,0,0,499,0,0,499,2,1,1,1,2,FALSE,FALSE,FALSE,FALSE,FALSE,FALSE,FALSE,TRUE,FALSE,FALSE,FALSE,FALSE,FALSE,FALSE,TRUE,FALSE,"Offer hefty discounts on food or even free tubs of popcorn if possible on special days or weekends, people who actually visit theatre would be more than happy to throw money on this."
2/19/2025 22:10:26,63,18-24,Female,Student,Metro City,Not Applicable,0.33,Multiplex,3,3,3,3,2,2,3,10000,10000,10000,10000,25,TRUE,TRUE,TRUE,FALSE,FALSE,FALSE,FALSE,FALSE,FALSE,FALSE,1000,Yes,Theatre,OTT,Theatre,Indifferent,OTT,Indifferent,OTT,Yes,1,499,749,749,499,499,749,3,4,4,3,2,FALSE,FALSE,FALSE,FALSE,FALSE,FALSE,FALSE,FALSE,FALSE,FALSE,TRUE,FALSE,TRUE,TRUE,TRUE,FALSE,
2/19/2025 22:30:27,64,18-24,Male,Student,Metro City,50000,1.00,Multiplex,2,1,1,2,2,2,3,399,10000,399,499,5,TRUE,TRUE,TRUE,FALSE,TRUE,FALSE,FALSE,FALSE,FALSE,FALSE,1000,Maybe,Theatre,OTT,OTT,OTT,OTT,Theatre,OTT,Maybe,3,499,749,749,499,499,499,4,4,4,3,4,FALSE,FALSE,FALSE,FALSE,FALSE,FALSE,FALSE,FALSE,FALSE,FALSE,FALSE,TRUE,FALSE,FALSE,TRUE,FALSE,
2/19/2025 22:30:45,65,18-24,Female,Student,Metro City,25000,1.00,Multiplex,3,3,2,1,4,2,5,399,10000,399,999,25,TRUE,TRUE,TRUE,FALSE,FALSE,FALSE,FALSE,FALSE,FALSE,FALSE,10000,Yes,Theatre,OTT,OTT,Theatre,Theatre,OTT,Theatre,Yes,4,499,749,999,499,499,749,4,2,4,4,3,FALSE,FALSE,FALSE,FALSE,FALSE,FALSE,TRUE,FALSE,FALSE,FALSE,FALSE,TRUE,FALSE,FALSE,TRUE,FALSE,Group discounts for friends to watch together. An app where friends with varied time schedule can update when theyre all free and come up with a time
2/19/2025 22:31:20,66,18-24,Male,Student,Metro City,Not Applicable,2.00,Multiplex,1,2,2,3,3,4,3,199,299,499,99,5,TRUE,TRUE,TRUE,FALSE,TRUE,FALSE,FALSE,FALSE,FALSE,FALSE,1000,Yes,OTT,OTT,OTT,Indifferent,Indifferent,OTT,Indifferent,Maybe,2,0,0,499,0,0,499,2,3,3,2,5,FALSE,FALSE,FALSE,FALSE,FALSE,FALSE,FALSE,TRUE,FALSE,FALSE,FALSE,FALSE,FALSE,TRUE,TRUE,FALSE,
2/19/2025 22:45:43,67,18-24,Male,Student,Metro City,Not Applicable,0.17,Multiplex,1,2,1,1,3,4,3,299,399,499,99,2,TRUE,TRUE,TRUE,FALSE,TRUE,FALSE,FALSE,FALSE,FALSE,FALSE,1500,Maybe,Indifferent,Indifferent,Indifferent,Indifferent,Indifferent,Indifferent,Indifferent,Yes,4,499,749,999,1999,1999,2499,3,3,1,3,2,FALSE,FALSE,FALSE,FALSE,FALSE,FALSE,FALSE,FALSE,TRUE,FALSE,FALSE,FALSE,TRUE,FALSE,TRUE,FALSE,
2/19/2025 22:48:28,68,18-24,Female,Working Professional,Metro City,50000,2.00,Multiplex,5,5,5,5,5,5,5,399,10000,499,999,5,TRUE,TRUE,TRUE,FALSE,FALSE,FALSE,FALSE,FALSE,FALSE,FALSE,1000,No,Indifferent,Indifferent,Indifferent,Indifferent,Indifferent,Indifferent,Indifferent,Yes,2,0,499,749,0,0,749,3,4,2,4,5,FALSE,FALSE,FALSE,FALSE,FALSE,FALSE,FALSE,TRUE,FALSE,FALSE,FALSE,FALSE,FALSE,FALSE,FALSE,FALSE,
2/19/2025 22:54:48,69,18-24,Male,Student,Metro City,25000,0.17,Multiplex,2,1,1,2,5,5,5,299,399,399,499,5,TRUE,TRUE,TRUE,FALSE,TRUE,TRUE,FALSE,FALSE,FALSE,FALSE,750,Yes,Indifferent,Indifferent,Indifferent,Indifferent,Indifferent,Theatre,Theatre,No,5,749,499,999,999,999,999,1,1,1,1,1,FALSE,FALSE,TRUE,FALSE,FALSE,FALSE,FALSE,FALSE,FALSE,FALSE,FALSE,FALSE,FALSE,FALSE,FALSE,FALSE,
2/19/2025 22:55:41,70,18-24,Male,Student,Metro City,25000,0.33,Multiplex,1,1,3,1,1,4,5,299,10000,399,999,5,TRUE,TRUE,FALSE,FALSE,FALSE,FALSE,FALSE,FALSE,FALSE,FALSE,750,Maybe,Indifferent,Indifferent,Indifferent,Indifferent,Indifferent,Indifferent,Indifferent,Yes,2,499,749,999,1499,1999,2499,1,3,2,2,2,FALSE,FALSE,FALSE,FALSE,FALSE,FALSE,TRUE,FALSE,FALSE,FALSE,FALSE,TRUE,TRUE,FALSE,TRUE,FALSE,Na
2/19/2025 23:06:53,71,18-24,Female,Working Professional,Metro City,50000,2.00,Multiplex,2,3,1,2,2,4,4,299,399,299,499,5,TRUE,TRUE,FALSE,FALSE,FALSE,FALSE,FALSE,FALSE,FALSE,FALSE,500,Maybe,Indifferent,Indifferent,Indifferent,Indifferent,Indifferent,Indifferent,Indifferent,Maybe,2,499,749,0,499,1999,0,1,2,4,1,5,FALSE,FALSE,FALSE,FALSE,FALSE,FALSE,TRUE,FALSE,FALSE,FALSE,FALSE,TRUE,TRUE,FALSE,TRUE,FALSE,
2/19/2025 23:08:30,72,18-24,Male,Student,Metro City,25000,0.33,Multiplex,4,2,3,1,5,2,3,299,10000,399,999,5,TRUE,TRUE,TRUE,FALSE,TRUE,FALSE,FALSE,FALSE,TRUE,FALSE,1000,Yes,Theatre,Indifferent,Indifferent,Indifferent,Theatre,Indifferent,Indifferent,Maybe,3,749,0,0,0,0,0,1,3,4,2,4,FALSE,FALSE,FALSE,FALSE,FALSE,FALSE,FALSE,TRUE,FALSE,FALSE,TRUE,FALSE,TRUE,FALSE,TRUE,FALSE,
2/19/2025 23:08:37,73,18-24,Male,Student,Metro City,Not Applicable,2.00,Multiplex,3,2,1,2,4,5,5,299,399,399,99,25,TRUE,TRUE,TRUE,FALSE,FALSE,FALSE,FALSE,FALSE,TRUE,FALSE,1500,Maybe,Theatre,OTT,OTT,OTT,OTT,Indifferent,OTT,Maybe,3,499,499,749,499,499,749,1,5,5,4,3,FALSE,TRUE,FALSE,FALSE,FALSE,FALSE,FALSE,TRUE,FALSE,FALSE,FALSE,FALSE,TRUE,FALSE,FALSE,TRUE,
2/19/2025 23:16:45,74,18-24,Female,Student,Metro City,Not Applicable,2.00,Multiplex,3,4,5,3,2,4,1,299,399,299,999,5,TRUE,TRUE,TRUE,FALSE,TRUE,TRUE,FALSE,FALSE,FALSE,FALSE,10000,Yes,Theatre,Indifferent,Indifferent,Indifferent,Indifferent,Indifferent,Indifferent,No,3,499,499,499,499,499,499,2,3,3,3,3,FALSE,FALSE,FALSE,FALSE,FALSE,FALSE,FALSE,FALSE,FALSE,FALSE,FALSE,TRUE,TRUE,FALSE,TRUE,FALSE,
2/19/2025 23:28:27,75,18-24,Male,Entrepreneur,Metro City,1000000,0.17,Multiplex,1,1,1,2,3,3,3,299,399,399,499,2,FALSE,FALSE,FALSE,FALSE,FALSE,FALSE,FALSE,FALSE,FALSE,TRUE,250,No,Indifferent,Indifferent,Indifferent,Indifferent,Indifferent,Indifferent,Indifferent,No,2,499,499,499,499,499,499,2,2,2,2,2,FALSE,FALSE,FALSE,TRUE,FALSE,FALSE,FALSE,FALSE,TRUE,FALSE,FALSE,TRUE,FALSE,FALSE,FALSE,FALSE,
2/19/2025 23:29:58,76,18-24,Male,Working Professional,Metro City,25000,0.33,Multiplex,4,3,1,2,3,4,3,299,399,399,749,5,TRUE,TRUE,TRUE,FALSE,TRUE,TRUE,FALSE,FALSE,FALSE,FALSE,750,Yes,Theatre,OTT,Theatre,OTT,OTT,Theatre,OTT,Maybe,3,499,749,0,499,749,0,3,3,3,2,4,FALSE,TRUE,FALSE,FALSE,FALSE,FALSE,FALSE,FALSE,FALSE,FALSE,FALSE,TRUE,TRUE,FALSE,TRUE,FALSE,
2/19/2025 23:39:20,77,35-44,Male,Working Professional,Metro City,1000000,0.33,Multiplex,3,2,1,1,4,5,3,10000,10000,99,999,1,TRUE,TRUE,TRUE,FALSE,TRUE,TRUE,FALSE,FALSE,FALSE,FALSE,10000,Yes,Theatre,OTT,Theatre,Theatre,Theatre,OTT,Indifferent,Maybe,1,0,749,0,0,0,0,1,4,2,3,4,FALSE,FALSE,TRUE,TRUE,FALSE,FALSE,TRUE,FALSE,FALSE,FALSE,FALSE,FALSE,TRUE,FALSE,FALSE,FALSE,
2/19/2025 23:57:25,78,18-24,Male,Student,Tier-1,25000,2.00,Multiplex,5,4,5,4,5,5,5,399,499,10000,499,5,TRUE,FALSE,FALSE,FALSE,FALSE,FALSE,FALSE,FALSE,FALSE,FALSE,500,Yes,Theatre,OTT,Theatre,Theatre,Theatre,Theatre,OTT,Yes,4,999,749,999,999,749,999,3,5,4,5,5,FALSE,TRUE,FALSE,TRUE,FALSE,FALSE,FALSE,FALSE,FALSE,FALSE,FALSE,FALSE,TRUE,FALSE,TRUE,FALSE,
2/20/2025 0:10:27,79,18-24,Female,Student,Tier-2,25000,0.17,Multiplex,2,2,1,2,3,1,3,299,399,299,749,25,TRUE,TRUE,TRUE,FALSE,FALSE,FALSE,FALSE,FALSE,FALSE,FALSE,750,No,Indifferent,Theatre,Indifferent,Theatre,OTT,Indifferent,OTT,Maybe,2,499,749,999,0,499,749,2,4,3,2,4,FALSE,FALSE,TRUE,FALSE,FALSE,TRUE,FALSE,TRUE,FALSE,FALSE,FALSE,FALSE,TRUE,FALSE,FALSE,FALSE,
2/20/2025 0:37:36,80,18-24,Male,Student,Metro City,1000000,1.00,Multiplex,3,3,1,1,1,1,3,399,10000,10000,749,25,FALSE,TRUE,TRUE,FALSE,FALSE,FALSE,FALSE,FALSE,FALSE,FALSE,1000,Yes,Indifferent,OTT,Theatre,OTT,OTT,Theatre,OTT,Yes,2,0,499,749,499,0,499,2,2,2,1,3,FALSE,FALSE,FALSE,FALSE,FALSE,TRUE,FALSE,FALSE,FALSE,FALSE,TRUE,TRUE,FALSE,FALSE,TRUE,FALSE,
2/20/2025 1:23:29,81,18-24,Female,Student,Metro City,25000,0.33,Multiplex,3,3,1,1,3,4,2,199,10000,299,999,25,TRUE,TRUE,TRUE,FALSE,TRUE,FALSE,FALSE,FALSE,FALSE,FALSE,500,Yes,Theatre,Theatre,OTT,OTT,Theatre,Theatre,OTT,Yes,2,0,499,749,0,0,0,2,4,4,4,5,FALSE,TRUE,FALSE,FALSE,FALSE,FALSE,FALSE,FALSE,FALSE,FALSE,FALSE,TRUE,TRUE,FALSE,FALSE,FALSE,
2/20/2025 8:39:18,82,18-24,Female,Student,Tier-1,150000,1.00,Multiplex,3,4,5,5,4,3,3,199,499,299,749,5,TRUE,TRUE,FALSE,FALSE,FALSE,FALSE,FALSE,FALSE,FALSE,FALSE,750,Yes,Theatre,OTT,Theatre,Indifferent,Theatre,Indifferent,Indifferent,Yes,2,0,499,749,0,499,749,2,2,1,2,2,FALSE,TRUE,FALSE,FALSE,FALSE,FALSE,TRUE,FALSE,FALSE,FALSE,FALSE,TRUE,FALSE,TRUE,FALSE,FALSE,
2/20/2025 9:50:34,83,18-24,Male,Entrepreneur,Metro City,1000000,0.33,Multiplex,3,3,3,3,3,5,4,10000,10000,10000,10000,25,TRUE,TRUE,TRUE,FALSE,TRUE,TRUE,FALSE,FALSE,TRUE,FALSE,10000,Yes,Theatre,Indifferent,Theatre,OTT,OTT,OTT,OTT,Maybe,2,499,749,999,499,749,999,1,4,4,4,5,FALSE,FALSE,FALSE,FALSE,FALSE,FALSE,FALSE,TRUE,FALSE,FALSE,FALSE,TRUE,TRUE,FALSE,TRUE,FALSE,
2/20/2025 11:00:40,84,18-24,Male,Working Professional,Metro City,150000,0.33,Multiplex,2,5,1,2,3,5,2,499,10000,10000,99,5,TRUE,TRUE,TRUE,FALSE,TRUE,TRUE,FALSE,FALSE,FALSE,FALSE,500,Yes,Theatre,Theatre,OTT,OTT,Theatre,OTT,OTT,Yes,1,499,749,999,0,499,749,5,5,1,3,4,TRUE,FALSE,FALSE,FALSE,FALSE,FALSE,FALSE,FALSE,FALSE,FALSE,FALSE,FALSE,TRUE,FALSE,FALSE,FALSE,
2/20/2025 11:04:58,85,18-24,Male,Student,Tier-1,50000,1.00,Multiplex,2,3,1,2,4,4,5,299,399,299,99,5,TRUE,TRUE,TRUE,FALSE,FALSE,FALSE,FALSE,FALSE,FALSE,FALSE,250,Yes,Indifferent,Indifferent,OTT,Indifferent,Indifferent,Indifferent,OTT,Maybe,2,499,499,749,499,499,499,5,4,1,4,1,FALSE,TRUE,FALSE,FALSE,FALSE,FALSE,FALSE,FALSE,FALSE,FALSE,TRUE,FALSE,FALSE,FALSE,TRUE,FALSE,I am very picky about my movies and don't have a lot of time to try out movies. I suggest choosing movies out of the already releasing movies.
2/20/2025 12:02:47,86,18-24,Male,Working Professional,Metro City,25000,0.17,Multiplex,2,1,4,2,3,4,5,199,499,399,99,25,TRUE,TRUE,TRUE,FALSE,TRUE,FALSE,FALSE,FALSE,FALSE,TRUE,250,Yes,Theatre,OTT,OTT,OTT,Theatre,Theatre,Indifferent,No,3,0,0,0,0,0,0,1,5,2,3,4,FALSE,FALSE,FALSE,FALSE,FALSE,FALSE,FALSE,TRUE,FALSE,FALSE,FALSE,TRUE,FALSE,FALSE,TRUE,TRUE,
2/20/2025 12:06:12,87,25-34,Female,Student,Tier-1,Not Applicable,0.33,Multiplex,5,1,1,2,3,4,4,399,10000,499,10000,5,TRUE,TRUE,TRUE,FALSE,TRUE,TRUE,FALSE,FALSE,TRUE,FALSE,1000,Maybe,Indifferent,Indifferent,Indifferent,Indifferent,Indifferent,Indifferent,Indifferent,Maybe,2,999,1499,1999,2499,0,0,3,4,2,3,5,FALSE,TRUE,FALSE,FALSE,FALSE,TRUE,FALSE,FALSE,FALSE,FALSE,FALSE,TRUE,FALSE,FALSE,TRUE,FALSE,
2/20/2025 13:36:07,88,18-24,Male,Student,Metro City,25000,0.33,Multiplex,1,2,2,2,4,3,4,199,499,399,499,25,TRUE,TRUE,TRUE,FALSE,TRUE,FALSE,FALSE,FALSE,FALSE,FALSE,1000,Yes,Theatre,Theatre,Indifferent,Theatre,OTT,Indifferent,OTT,Yes,2,499,499,499,499,499,499,1,1,3,3,2,FALSE,FALSE,FALSE,FALSE,FALSE,FALSE,FALSE,TRUE,FALSE,FALSE,TRUE,TRUE,FALSE,FALSE,TRUE,FALSE,
2/20/2025 14:14:59,89,18-24,Female,Working Professional,Metro City,Not Applicable,2.00,Multiplex,1,1,3,1,4,1,5,199,299,299,749,5,TRUE,TRUE,TRUE,FALSE,TRUE,TRUE,FALSE,FALSE,FALSE,FALSE,750,Yes,OTT,Indifferent,Indifferent,Indifferent,OTT,Theatre,Indifferent,Maybe,3,749,999,999,749,999,999,1,3,3,1,5,FALSE,FALSE,FALSE,FALSE,FALSE,FALSE,FALSE,FALSE,FALSE,FALSE,FALSE,TRUE,TRUE,FALSE,TRUE,FALSE,
2/20/2025 14:36:42,90,18-24,Male,Working Professional,Metro City,100000,0.17,Multiplex,4,5,5,5,4,2,1,399,499,10000,499,25,TRUE,TRUE,TRUE,FALSE,TRUE,FALSE,FALSE,FALSE,FALSE,FALSE,750,Maybe,OTT,OTT,Theatre,Theatre,Theatre,OTT,OTT,Maybe,4,499,499,749,749,999,1499,2,1,1,1,2,FALSE,FALSE,FALSE,FALSE,FALSE,FALSE,FALSE,FALSE,FALSE,FALSE,FALSE,FALSE,TRUE,FALSE,FALSE,TRUE,
2/20/2025 16:20:49,91,18-24,Male,Working Professional,Metro City,100000,0.33,Multiplex,1,2,1,3,2,2,1,299,299,299,99,5,TRUE,TRUE,TRUE,FALSE,TRUE,FALSE,FALSE,FALSE,FALSE,FALSE,250,Yes,Theatre,Indifferent,Indifferent,Indifferent,Theatre,Theatre,Indifferent,Yes,1,499,499,499,499,499,499,2,3,2,3,1,FALSE,FALSE,FALSE,FALSE,FALSE,FALSE,FALSE,TRUE,FALSE,FALSE,TRUE,TRUE,TRUE,FALSE,FALSE,FALSE,
2/20/2025 16:25:19,92,18-24,Male,Working Professional,Metro City,1000000,0.17,Multiplex,3,5,5,5,1,1,1,299,399,499,10000,1,TRUE,TRUE,TRUE,FALSE,FALSE,FALSE,FALSE,FALSE,FALSE,FALSE,500,Yes,OTT,OTT,Theatre,OTT,OTT,OTT,OTT,No,3,0,0,0,0,0,0,2,2,3,2,3,FALSE,FALSE,FALSE,FALSE,FALSE,FALSE,FALSE,TRUE,FALSE,FALSE,FALSE,FALSE,TRUE,FALSE,TRUE,TRUE,
2/20/2025 16:25:52,93,18-24,Male,Working Professional,Tier-1,150000,0.33,Multiplex,1,4,1,3,1,3,4,199,399,299,499,25,FALSE,TRUE,TRUE,FALSE,FALSE,FALSE,FALSE,FALSE,FALSE,FALSE,500,Yes,Theatre,Theatre,OTT,OTT,OTT,OTT,OTT,Maybe,3,0,499,499,0,0,499,2,2,1,3,3,FALSE,FALSE,FALSE,FALSE,FALSE,FALSE,FALSE,TRUE,FALSE,FALSE,FALSE,TRUE,FALSE,FALSE,TRUE,TRUE,
2/20/2025 16:27:22,94,18-24,Female,Student,Tier-1,Not Applicable,0.33,Multiplex,4,5,5,4,3,3,2,199,399,10000,749,5,TRUE,TRUE,FALSE,FALSE,FALSE,FALSE,FALSE,FALSE,FALSE,FALSE,250,Yes,OTT,Theatre,OTT,Theatre,OTT,OTT,OTT,Yes,2,0,499,749,499,499,749,1,1,5,1,4,FALSE,FALSE,FALSE,TRUE,FALSE,FALSE,FALSE,FALSE,FALSE,FALSE,FALSE,FALSE,FALSE,FALSE,FALSE,FALSE,
2/20/2025 16:29:37,95,25-34,Female,Working Professional,Tier-1,75000,8.00,Multiplex,3,4,5,3,2,3,4,299,499,499,499,25,TRUE,TRUE,TRUE,FALSE,FALSE,TRUE,FALSE,FALSE,FALSE,FALSE,500,Yes,Theatre,OTT,Theatre,Theatre,OTT,Theatre,OTT,Yes,5,0,0,499,0,499,499,4,1,5,3,5,FALSE,TRUE,TRUE,FALSE,FALSE,FALSE,FALSE,FALSE,FALSE,FALSE,FALSE,FALSE,TRUE,FALSE,TRUE,FALSE,
2/20/2025 16:37:33,96,18-24,Male,Working Professional,Metro City,100000,1.00,Multiplex,4,4,1,2,3,3,4,299,499,399,99,5,TRUE,FALSE,TRUE,FALSE,FALSE,FALSE,FALSE,FALSE,FALSE,FALSE,250,Yes,Theatre,Indifferent,OTT,Indifferent,Indifferent,Indifferent,Indifferent,Yes,2,0,0,499,0,0,499,2,3,3,2,4,TRUE,FALSE,FALSE,FALSE,FALSE,FALSE,FALSE,FALSE,FALSE,FALSE,FALSE,FALSE,TRUE,FALSE,TRUE,FALSE,
2/20/2025 16:47:15,97,18-24,Female,Other,Tier-1,50000,0.33,Multiplex,4,2,1,1,3,5,1,299,499,299,499,25,TRUE,TRUE,TRUE,FALSE,TRUE,TRUE,FALSE,FALSE,FALSE,FALSE,1500,Maybe,Theatre,OTT,OTT,OTT,OTT,Theatre,OTT,Maybe,1,0,749,999,0,0,0,1,5,1,2,5,FALSE,FALSE,FALSE,TRUE,FALSE,FALSE,FALSE,TRUE,TRUE,FALSE,FALSE,FALSE,TRUE,FALSE,FALSE,FALSE,
2/20/2025 17:09:05,98,18-24,Male,Other,Tier-2,Not Applicable,8.00,Multiplex,5,3,1,1,5,5,3,199,399,499,99,25,TRUE,TRUE,TRUE,FALSE,FALSE,FALSE,FALSE,FALSE,FALSE,FALSE,500,Yes,Theatre,Theatre,OTT,OTT,Indifferent,Theatre,OTT,Maybe,5,0,499,0,0,499,0,5,5,5,1,1,FALSE,TRUE,TRUE,FALSE,FALSE,FALSE,FALSE,TRUE,FALSE,FALSE,FALSE,FALSE,FALSE,FALSE,TRUE,FALSE,"To a normal movie buff who has an IMax theater near him but not a PVR this survey for Golden subscription most likely is of no use , so it would have been more useful to somehow tie up with IMax since they have the reach to provide a cinematic experience for a wide range of audience."
2/20/2025 17:12:20,99,18-24,Male,Working Professional,Metro City,150000,0.17,Multiplex,4,3,5,3,1,1,4,299,399,399,249,5,TRUE,FALSE,TRUE,FALSE,FALSE,FALSE,FALSE,FALSE,FALSE,FALSE,250,Yes,Theatre,Indifferent,OTT,Indifferent,Theatre,Theatre,OTT,No,5,499,0,0,0,0,0,5,5,4,3,1,FALSE,FALSE,FALSE,FALSE,FALSE,FALSE,FALSE,TRUE,FALSE,FALSE,FALSE,FALSE,FALSE,FALSE,FALSE,FALSE,
2/20/2025 17:19:36,100,18-24,Male,Working Professional,Metro City,150000,0.17,Multiplex,5,1,1,2,5,2,5,499,10000,10000,499,25,TRUE,TRUE,TRUE,FALSE,TRUE,FALSE,FALSE,FALSE,FALSE,FALSE,10000,No,Indifferent,Indifferent,Indifferent,Indifferent,Indifferent,Indifferent,Indifferent,No,4,0,499,499,0,0,0,3,3,2,2,2,FALSE,TRUE,FALSE,FALSE,FALSE,FALSE,FALSE,TRUE,TRUE,FALSE,FALSE,FALSE,FALSE,FALSE,FALSE,FALSE,"I think this is actually a great idea for the masses, just I'm not much of a movie hall guy. I know lots of people who would probably be quite interested in something like this."
2/20/2025 17:20:40,101,25-34,Male,Working Professional,Metro City,50000,0.33,Multiplex,1,1,1,1,1,5,5,199,299,199,99,1,FALSE,TRUE,TRUE,FALSE,TRUE,FALSE,FALSE,FALSE,FALSE,FALSE,750,Yes,Indifferent,Indifferent,OTT,OTT,Theatre,Indifferent,OTT,Maybe,3,499,0,0,0,499,0,5,5,5,3,3,FALSE,FALSE,FALSE,FALSE,FALSE,FALSE,FALSE,FALSE,TRUE,FALSE,FALSE,FALSE,TRUE,FALSE,FALSE,TRUE,
2/20/2025 17:22:03,102,25-34,Male,Working Professional,Metro City,75000,0.33,Multiplex,3,2,1,3,3,4,4,499,10000,10000,99,2,TRUE,TRUE,FALSE,FALSE,FALSE,FALSE,FALSE,FALSE,FALSE,FALSE,250,Maybe,Theatre,Indifferent,Theatre,Indifferent,Indifferent,Indifferent,Indifferent,Maybe,3,499,499,499,499,499,499,3,3,3,3,3,TRUE,FALSE,FALSE,TRUE,TRUE,FALSE,FALSE,FALSE,FALSE,FALSE,FALSE,FALSE,FALSE,FALSE,TRUE,FALSE,
2/20/2025 17:22:15,103,18-24,Male,Working Professional,Metro City,1000000,4.00,Multiplex,3,1,1,2,5,5,4,299,499,10000,99,25,TRUE,TRUE,TRUE,FALSE,FALSE,FALSE,FALSE,FALSE,FALSE,FALSE,1000,Maybe,Indifferent,Indifferent,Indifferent,Indifferent,Indifferent,Indifferent,Indifferent,Yes,2,499,749,999,0,0,0,1,3,3,1,3,TRUE,TRUE,FALSE,FALSE,FALSE,FALSE,FALSE,TRUE,FALSE,FALSE,FALSE,FALSE,TRUE,FALSE,FALSE,FALSE,"Prime probably does something on these lines.
Indian movie buffs would probably not go for the internationally acclaimed content rather would prefer regional content with their subscriptions. (might be my biased view)"
2/20/2025 17:31:33,104,18-24,Male,Working Professional,Tier-1,75000,2.00,Multiplex,4,5,4,4,3,4,4,10000,10000,10000,10000,2,FALSE,TRUE,TRUE,FALSE,FALSE,FALSE,FALSE,FALSE,FALSE,FALSE,500,Yes,Theatre,Theatre,OTT,OTT,Theatre,Theatre,Theatre,Yes,1,499,999,1499,999,1499,1999,1,1,1,1,1,TRUE,FALSE,FALSE,FALSE,FALSE,FALSE,FALSE,TRUE,FALSE,FALSE,FALSE,TRUE,FALSE,FALSE,TRUE,FALSE,
2/20/2025 17:40:09,105,18-24,Male,Working Professional,Metro City,1000000,8.00,Multiplex,3,2,2,1,2,1,3,299,10000,10000,749,2,TRUE,TRUE,TRUE,FALSE,TRUE,TRUE,TRUE,TRUE,FALSE,FALSE,1000,Yes,Theatre,OTT,Theatre,OTT,Theatre,Theatre,OTT,Maybe,2,0,749,749,499,749,999,3,4,2,3,4,FALSE,FALSE,FALSE,FALSE,FALSE,FALSE,TRUE,TRUE,FALSE,FALSE,FALSE,TRUE,FALSE,FALSE,FALSE,TRUE,
2/20/2025 18:02:30,106,25-34,Female,Student,Tier-1,Not Applicable,2.00,Multiplex,5,4,4,3,1,5,1,299,10000,299,499,5,TRUE,TRUE,TRUE,FALSE,TRUE,TRUE,FALSE,FALSE,TRUE,FALSE,500,Maybe,Theatre,Theatre,OTT,Theatre,OTT,OTT,Theatre,Yes,1,0,499,749,0,499,0,3,4,5,3,2,TRUE,FALSE,FALSE,FALSE,FALSE,FALSE,FALSE,FALSE,FALSE,FALSE,TRUE,FALSE,FALSE,TRUE,TRUE,FALSE,
2/20/2025 18:12:04,107,Under 18,Male,Student,Metro City,Not Applicable,0.33,Multiplex,3,1,1,2,4,4,5,399,10000,10000,749,5,TRUE,TRUE,TRUE,FALSE,TRUE,TRUE,FALSE,FALSE,TRUE,FALSE,1500,Yes,Indifferent,Indifferent,Indifferent,Indifferent,Indifferent,Indifferent,Indifferent,Yes,2,0,499,999,999,499,999,2,5,5,3,1,FALSE,FALSE,FALSE,FALSE,FALSE,FALSE,TRUE,TRUE,FALSE,FALSE,FALSE,TRUE,FALSE,FALSE,TRUE,FALSE,
2/20/2025 18:33:17,108,18-24,Male,Working Professional,Metro City,150000,0.33,Multiplex,2,2,1,1,4,2,3,299,99,99,249,5,TRUE,TRUE,TRUE,FALSE,TRUE,TRUE,FALSE,TRUE,FALSE,FALSE,1500,Yes,Theatre,Theatre,OTT,OTT,OTT,OTT,OTT,Yes,1,0,499,749,0,499,749,4,3,1,4,5,FALSE,TRUE,FALSE,FALSE,FALSE,TRUE,FALSE,TRUE,TRUE,FALSE,FALSE,FALSE,FALSE,FALSE,FALSE,FALSE,
2/20/2025 18:50:04,109,25-34,Female,Working Professional,Tier-1,50000,8.00,Multiplex,2,4,5,4,4,4,4,199,299,399,499,25,TRUE,TRUE,TRUE,FALSE,TRUE,FALSE,FALSE,FALSE,FALSE,FALSE,10000,Maybe,Indifferent,Indifferent,Indifferent,Indifferent,Indifferent,Indifferent,Indifferent,Yes,1,499,499,499,499,499,499,4,3,4,4,4,FALSE,FALSE,FALSE,FALSE,FALSE,TRUE,FALSE,TRUE,FALSE,FALSE,FALSE,FALSE,FALSE,FALSE,FALSE,FALSE,
2/20/2025 19:01:50,110,18-24,Female,Working Professional,Metro City,150000,2.00,Multiplex,3,1,1,5,4,5,5,299,399,299,499,25,TRUE,TRUE,TRUE,FALSE,FALSE,FALSE,FALSE,TRUE,FALSE,FALSE,10000,Yes,Theatre,OTT,Indifferent,Indifferent,OTT,Theatre,OTT,Yes,1,499,499,749,0,499,499,3,4,1,3,2,TRUE,TRUE,FALSE,FALSE,FALSE,FALSE,FALSE,TRUE,FALSE,FALSE,FALSE,FALSE,FALSE,FALSE,TRUE,FALSE,
2/20/2025 19:33:20,111,18-24,Female,Student,Metro City,Not Applicable,0.33,Multiplex,5,2,1,2,5,3,2,399,499,499,999,2,TRUE,TRUE,TRUE,FALSE,FALSE,FALSE,FALSE,FALSE,FALSE,FALSE,1500,No,Indifferent,Indifferent,Indifferent,Indifferent,Indifferent,Indifferent,Indifferent,Yes,1,499,999,1499,749,999,1499,2,2,2,4,5,FALSE,TRUE,FALSE,FALSE,FALSE,FALSE,TRUE,TRUE,FALSE,FALSE,FALSE,FALSE,FALSE,FALSE,TRUE,FALSE,
2/20/2025 20:14:03,112,18-24,Male,Working Professional,Metro City,100000,0.33,Multiplex,2,5,5,5,4,2,3,499,10000,10000,499,2,TRUE,TRUE,TRUE,FALSE,TRUE,TRUE,FALSE,FALSE,FALSE,FALSE,10000,Maybe,Theatre,OTT,OTT,OTT,Theatre,OTT,OTT,Maybe,3,749,999,1499,499,749,999,4,3,4,3,3,TRUE,FALSE,FALSE,TRUE,FALSE,FALSE,FALSE,FALSE,FALSE,FALSE,FALSE,FALSE,TRUE,FALSE,TRUE,FALSE,Maybe increase some price and think of adding snacks in the subscription for the theatre visits. 
2/20/2025 20:44:10,113,18-24,Male,Working Professional,Tier-2,75000,0.33,Multiplex,2,3,3,1,3,1,1,299,499,299,249,5,TRUE,TRUE,TRUE,FALSE,FALSE,FALSE,FALSE,FALSE,FALSE,FALSE,500,Yes,Indifferent,Theatre,OTT,OTT,OTT,OTT,OTT,Maybe,2,499,499,749,499,499,499,2,3,2,2,3,FALSE,TRUE,FALSE,FALSE,FALSE,FALSE,FALSE,TRUE,FALSE,FALSE,FALSE,FALSE,FALSE,FALSE,TRUE,TRUE,
2/20/2025 21:01:25,114,18-24,Female,Student,Tier-1,Not Applicable,0.33,Multiplex,1,3,1,2,1,4,3,299,399,499,99,5,FALSE,TRUE,FALSE,FALSE,FALSE,TRUE,FALSE,FALSE,FALSE,FALSE,500,Yes,OTT,Indifferent,OTT,Theatre,Theatre,Indifferent,OTT,Maybe,2,499,749,999,749,999,1499,1,3,1,3,2,FALSE,TRUE,FALSE,FALSE,FALSE,FALSE,FALSE,FALSE,FALSE,FALSE,FALSE,FALSE,TRUE,TRUE,TRUE,FALSE,
2/20/2025 22:11:07,115,18-24,Female,Working Professional,Metro City,150000,0.33,Multiplex,5,4,1,3,5,2,4,299,399,399,249,1,TRUE,TRUE,TRUE,FALSE,FALSE,FALSE,FALSE,FALSE,FALSE,FALSE,500,Yes,Indifferent,Theatre,Theatre,Indifferent,OTT,Theatre,OTT,Maybe,2,499,0,0,0,0,0,5,5,2,1,3,TRUE,TRUE,FALSE,FALSE,FALSE,FALSE,FALSE,FALSE,FALSE,FALSE,FALSE,FALSE,TRUE,FALSE,TRUE,FALSE,
2/21/2025 4:47:43,116,18-24,Male,Student,Metro City,Not Applicable,4.00,Multiplex,3,3,3,3,2,2,2,299,399,99,99,5,TRUE,TRUE,TRUE,FALSE,TRUE,FALSE,FALSE,FALSE,FALSE,FALSE,1000,Yes,Theatre,Theatre,Indifferent,Indifferent,Indifferent,OTT,OTT,Maybe,1,749,499,499,749,749,499,3,3,3,3,3,FALSE,FALSE,TRUE,FALSE,FALSE,FALSE,TRUE,FALSE,FALSE,FALSE,FALSE,FALSE,TRUE,TRUE,FALSE,FALSE,
2/21/2025 6:01:57,117,18-24,Male,Working Professional,Metro City,75000,0.17,Multiplex,5,5,1,3,5,3,5,399,499,10000,499,25,TRUE,TRUE,TRUE,FALSE,FALSE,FALSE,FALSE,FALSE,FALSE,TRUE,250,Maybe,Theatre,Indifferent,OTT,Theatre,OTT,Indifferent,OTT,Yes,1,499,499,749,749,999,999,1,5,5,5,5,FALSE,FALSE,FALSE,FALSE,FALSE,FALSE,FALSE,FALSE,FALSE,FALSE,FALSE,TRUE,FALSE,FALSE,TRUE,FALSE,
2/21/2025 14:06:43,118,18-24,Male,Student,Metro City,25000,0.33,Multiplex,3,4,5,5,5,5,1,499,10000,10000,249,2,TRUE,TRUE,TRUE,FALSE,TRUE,TRUE,FALSE,FALSE,TRUE,FALSE,1500,Yes,Indifferent,Indifferent,OTT,OTT,Indifferent,OTT,OTT,Yes,2,499,749,749,999,999,999,4,4,5,4,5,TRUE,TRUE,FALSE,FALSE,FALSE,FALSE,FALSE,FALSE,FALSE,FALSE,FALSE,FALSE,FALSE,FALSE,TRUE,TRUE,
2/22/2025 11:53:54,119,18-24,Female,Working Professional,Metro City,50000,0.17,Multiplex,2,2,1,2,3,2,3,199,299,399,99,2,TRUE,TRUE,FALSE,FALSE,FALSE,FALSE,FALSE,FALSE,FALSE,FALSE,750,Yes,Indifferent,OTT,OTT,OTT,Indifferent,Indifferent,OTT,Maybe,3,0,499,0,0,0,0,5,5,1,5,5,FALSE,TRUE,FALSE,FALSE,FALSE,FALSE,FALSE,FALSE,TRUE,FALSE,FALSE,FALSE,TRUE,FALSE,TRUE,FALSE,
2/23/2025 14:53:27,120,25-34,Male,Student,Tier-1,50000,1.00,Multiplex,2,1,1,1,1,4,3,299,399,99,249,5,TRUE,TRUE,TRUE,FALSE,FALSE,FALSE,FALSE,FALSE,FALSE,FALSE,500,Yes,Theatre,OTT,OTT,OTT,OTT,Indifferent,OTT,Maybe,2,0,499,749,0,499,749,4,4,2,2,4,FALSE,TRUE,FALSE,FALSE,FALSE,FALSE,FALSE,FALSE,FALSE,TRUE,FALSE,FALSE,TRUE,FALSE,FALSE,FALSE,
2/23/2025 18:13:39,121,18-24,Male,Student,Metro City,100000,0.33,Multiplex,2,1,2,3,4,5,5,299,10000,499,499,2,FALSE,FALSE,TRUE,FALSE,TRUE,FALSE,FALSE,FALSE,FALSE,FALSE,250,Yes,Theatre,OTT,OTT,OTT,OTT,Indifferent,OTT,Yes,1,749,749,999,499,499,749,2,3,2,2,2,FALSE,TRUE,FALSE,FALSE,FALSE,FALSE,FALSE,TRUE,FALSE,FALSE,FALSE,FALSE,FALSE,FALSE,TRUE,TRUE,
2/23/2025 18:16:12,122,25-34,Female,Student,Tier-1,75000,0.33,Multiplex,1,3,1,2,3,2,4,199,399,299,99,5,TRUE,TRUE,TRUE,FALSE,TRUE,FALSE,FALSE,FALSE,FALSE,FALSE,500,Yes,Theatre,OTT,Theatre,OTT,Theatre,Theatre,OTT,Yes,1,749,999,1499,749,749,999,2,4,2,1,1,FALSE,FALSE,FALSE,FALSE,FALSE,FALSE,FALSE,TRUE,FALSE,TRUE,FALSE,FALSE,TRUE,FALSE,TRUE,FALSE,
2/25/2025 0:28:51,123,18-24,Male,Working Professional,Metro City,150000,1.00,Multiplex,2,3,1,4,5,3,5,399,499,99,99,2,TRUE,FALSE,TRUE,FALSE,FALSE,FALSE,FALSE,FALSE,FALSE,FALSE,500,Yes,Theatre,OTT,OTT,Theatre,Theatre,OTT,OTT,Yes,3,499,749,749,499,749,499,3,2,3,2,3,FALSE,FALSE,FALSE,FALSE,FALSE,FALSE,FALSE,FALSE,FALSE,FALSE,TRUE,TRUE,TRUE,FALSE,TRUE,FALSE,
2/25/2025 20:15:32,124,25-34,Male,Student,Tier-1,1000000,0.33,Multiplex,1,3,2,5,1,5,5,299,10000,399,499,25,TRUE,TRUE,TRUE,FALSE,FALSE,FALSE,FALSE,FALSE,FALSE,FALSE,1000,Yes,Indifferent,Indifferent,Indifferent,Indifferent,Indifferent,Indifferent,Indifferent,Yes,1,499,749,999,499,499,499,1,1,1,1,1,FALSE,TRUE,TRUE,FALSE,FALSE,TRUE,FALSE,FALSE,FALSE,FALSE,FALSE,FALSE,FALSE,FALSE,FALSE,TRUE,
2/26/2025 11:41:04,125,18-24,Male,Student,Metro City,25000,1.00,Multiplex,3,2,1,1,4,5,5,199,499,399,749,5,TRUE,TRUE,TRUE,FALSE,TRUE,FALSE,FALSE,FALSE,FALSE,FALSE,1500,Yes,Theatre,Theatre,OTT,Theatre,OTT,Theatre,OTT,Yes,2,0,499,499,0,499,499,1,3,2,4,5,FALSE,TRUE,TRUE,FALSE,FALSE,FALSE,FALSE,FALSE,FALSE,FALSE,FALSE,FALSE,TRUE,FALSE,TRUE,FALSE,
2/26/2025 19:26:54,126,18-24,Male,Student,Metro City,100000,2.00,Multiplex,1,3,1,1,3,1,3,199,399,399,249,5,FALSE,TRUE,TRUE,FALSE,FALSE,FALSE,FALSE,FALSE,FALSE,FALSE,500,Yes,Theatre,Indifferent,Indifferent,Indifferent,OTT,Theatre,Theatre,Yes,2,0,499,749,999,999,999,1,1,1,1,1,FALSE,FALSE,FALSE,FALSE,FALSE,FALSE,TRUE,TRUE,FALSE,FALSE,FALSE,TRUE,FALSE,FALSE,TRUE,FALSE,
2/27/2025 18:07:41,127,25-34,Male,Student,Metro City,150000,1.00,Multiplex,2,2,1,2,4,3,4,399,499,499,499,1,FALSE,TRUE,FALSE,FALSE,FALSE,FALSE,FALSE,FALSE,FALSE,FALSE,500,Yes,Theatre,Theatre,OTT,OTT,OTT,Theatre,OTT,Yes,3,499,499,749,0,499,499,2,3,3,3,3,FALSE,FALSE,FALSE,TRUE,FALSE,FALSE,TRUE,FALSE,FALSE,FALSE,FALSE,FALSE,TRUE,FALSE,TRUE,FALSE,"Flexibility to choose the 4 movies
Option to carry forward slots to next month, if unused in current month"
2/27/2025 23:13:42,128,25-34,Male,Student,Tier-2,150000,2.00,Multiplex,4,2,2,2,3,2,5,499,10000,499,999,2,TRUE,TRUE,FALSE,FALSE,FALSE,FALSE,FALSE,FALSE,FALSE,FALSE,250,No,Theatre,Theatre,OTT,OTT,Theatre,Theatre,Theatre,No,4,499,749,749,499,999,1499,3,2,3,3,2,FALSE,FALSE,FALSE,FALSE,FALSE,FALSE,FALSE,FALSE,FALSE,FALSE,FALSE,TRUE,TRUE,FALSE,TRUE,FALSE,NA
2/27/2025 23:15:02,129,25-34,Prefer not to say,Student,Tier-1,Not Applicable,0.17,Multiplex,1,2,1,4,2,5,5,99,299,199,99,2,TRUE,TRUE,TRUE,FALSE,TRUE,FALSE,FALSE,FALSE,FALSE,TRUE,750,Maybe,Theatre,OTT,OTT,OTT,Theatre,Theatre,Theatre,Yes,1,499,499,499,499,499,499,2,3,2,4,1,FALSE,FALSE,TRUE,FALSE,TRUE,FALSE,FALSE,FALSE,FALSE,FALSE,FALSE,TRUE,FALSE,FALSE,FALSE,TRUE,"Rerelease past hota in theaters with cinematic experience like The Martian, Interstellar, Gravity"
2/28/2025 1:49:37,130,25-34,Male,Student,Tier-1,1000000,0.33,Multiplex,3,2,1,1,3,5,5,299,499,299,249,5,TRUE,FALSE,TRUE,TRUE,FALSE,FALSE,FALSE,FALSE,FALSE,FALSE,500,Yes,Theatre,OTT,OTT,OTT,Theatre,OTT,OTT,Maybe,2,499,749,999,499,749,999,1,1,1,3,3,FALSE,TRUE,FALSE,FALSE,FALSE,TRUE,TRUE,FALSE,TRUE,FALSE,FALSE,FALSE,FALSE,FALSE,FALSE,FALSE,
2/28/2025 10:18:26,131,25-34,Male,Student,Tier-2,Not Applicable,0.33,Multiplex,2,3,5,5,5,4,1,399,10000,499,749,5,TRUE,TRUE,TRUE,FALSE,FALSE,FALSE,FALSE,FALSE,FALSE,FALSE,750,Yes,Theatre,Theatre,OTT,OTT,Theatre,Theatre,OTT,Yes,1,499,749,999,0,499,499,1,5,2,2,4,FALSE,FALSE,TRUE,FALSE,FALSE,FALSE,TRUE,FALSE,FALSE,FALSE,FALSE,TRUE,FALSE,FALSE,TRUE,FALSE,
2/28/2025 10:23:51,132,25-34,Male,Student,Tier-1,Not Applicable,1.00,Multiplex,5,5,5,4,4,3,4,299,299,399,749,5,TRUE,TRUE,TRUE,FALSE,TRUE,TRUE,FALSE,FALSE,FALSE,FALSE,1500,Yes,Indifferent,OTT,OTT,Indifferent,OTT,OTT,OTT,Maybe,4,499,749,999,1499,1999,2499,5,5,5,4,3,FALSE,TRUE,FALSE,FALSE,FALSE,FALSE,FALSE,TRUE,FALSE,FALSE,FALSE,FALSE,FALSE,TRUE,TRUE,FALSE,
2/28/2025 10:51:13,133,18-24,Male,Student,Tier-1,150000,4.00,Multiplex,3,4,1,4,5,2,5,299,399,399,249,25,TRUE,TRUE,TRUE,TRUE,TRUE,FALSE,FALSE,FALSE,FALSE,FALSE,750,No,Theatre,Indifferent,OTT,OTT,OTT,Indifferent,OTT,Yes,2,499,499,749,0,499,499,1,1,1,2,3,FALSE,FALSE,FALSE,FALSE,FALSE,TRUE,TRUE,FALSE,FALSE,FALSE,FALSE,FALSE,FALSE,FALSE,TRUE,TRUE,
2/28/2025 10:53:08,134,18-24,Male,Working Professional,Metro City,100000,2.00,Multiplex,1,4,2,1,3,2,4,299,399,299,99,5,TRUE,TRUE,TRUE,TRUE,FALSE,FALSE,FALSE,FALSE,FALSE,FALSE,750,Yes,Theatre,OTT,Indifferent,OTT,Theatre,Theatre,Theatre,Yes,2,499,749,999,499,749,999,4,5,5,4,2,FALSE,FALSE,TRUE,TRUE,FALSE,FALSE,TRUE,FALSE,TRUE,FALSE,FALSE,FALSE,FALSE,FALSE,FALSE,FALSE,
2/28/2025 11:03:07,135,18-24,Female,Student,Tier-3,Not Applicable,1.00,Multiplex,2,4,5,4,3,1,1,199,299,199,499,5,TRUE,FALSE,FALSE,FALSE,FALSE,FALSE,FALSE,FALSE,FALSE,FALSE,250,Yes,OTT,Indifferent,Theatre,Theatre,Theatre,OTT,Theatre,Yes,2,499,499,749,499,499,499,4,3,4,4,5,FALSE,TRUE,FALSE,TRUE,FALSE,FALSE,FALSE,FALSE,FALSE,FALSE,FALSE,FALSE,FALSE,TRUE,FALSE,TRUE,
2/28/2025 11:10:50,136,25-34,Female,Student,Tier-1,Not Applicable,1.00,Multiplex,1,2,1,3,2,4,5,199,299,299,99,5,FALSE,TRUE,FALSE,FALSE,FALSE,FALSE,FALSE,FALSE,FALSE,FALSE,500,Yes,Theatre,Theatre,Indifferent,OTT,Theatre,Theatre,OTT,Yes,1,0,0,749,0,0,0,1,2,2,5,3,TRUE,FALSE,FALSE,FALSE,TRUE,FALSE,FALSE,FALSE,FALSE,FALSE,FALSE,TRUE,FALSE,FALSE,TRUE,FALSE,We can have more bundle pack options
2/28/2025 11:19:09,137,18-24,Male,Student,Tier-2,Not Applicable,2.00,Multiplex,3,1,1,1,4,4,5,299,499,299,499,2,FALSE,TRUE,TRUE,FALSE,FALSE,FALSE,FALSE,FALSE,FALSE,FALSE,250,Yes,Indifferent,OTT,OTT,OTT,Theatre,Theatre,OTT,Maybe,3,0,499,749,0,499,499,2,5,1,2,2,FALSE,FALSE,TRUE,FALSE,FALSE,TRUE,TRUE,FALSE,FALSE,FALSE,FALSE,FALSE,FALSE,FALSE,FALSE,TRUE,
2/28/2025 11:34:11,138,18-24,Male,Student,Tier-3,Not Applicable,0.17,Multiplex,3,4,1,1,4,5,4,399,10000,499,99,2,FALSE,FALSE,FALSE,FALSE,FALSE,FALSE,FALSE,FALSE,FALSE,TRUE,250,Maybe,Theatre,OTT,OTT,Indifferent,Theatre,Theatre,Indifferent,Yes,1,499,499,0,0,0,0,1,4,1,3,4,FALSE,FALSE,FALSE,FALSE,TRUE,FALSE,TRUE,FALSE,FALSE,TRUE,FALSE,FALSE,FALSE,FALSE,FALSE,TRUE,
2/28/2025 12:03:03,139,Under 18,Male,Student,Tier-3,Not Applicable,2.00,Multiplex,3,4,5,5,3,3,3,199,399,399,499,5,TRUE,TRUE,TRUE,FALSE,TRUE,FALSE,FALSE,FALSE,FALSE,FALSE,750,Maybe,Indifferent,Indifferent,Indifferent,Indifferent,Indifferent,Indifferent,Indifferent,Yes,1,499,749,999,1499,1999,2499,2,4,4,1,3,TRUE,FALSE,TRUE,FALSE,FALSE,FALSE,FALSE,FALSE,FALSE,FALSE,FALSE,FALSE,TRUE,FALSE,FALSE,TRUE,
2/28/2025 12:07:40,140,18-24,Female,Student,Tier-1,75000,1.00,Multiplex,1,3,3,3,2,4,5,399,10000,10000,249,5,TRUE,FALSE,FALSE,FALSE,FALSE,FALSE,FALSE,FALSE,FALSE,FALSE,500,Yes,Theatre,Indifferent,Indifferent,Indifferent,Indifferent,Indifferent,OTT,Yes,2,0,0,499,0,0,499,3,3,1,1,1,FALSE,TRUE,FALSE,FALSE,FALSE,FALSE,FALSE,FALSE,FALSE,FALSE,TRUE,TRUE,TRUE,FALSE,FALSE,FALSE,
2/28/2025 12:13:02,141,18-24,Female,Working Professional,Metro City,1000000,2.00,Multiplex,4,1,2,3,5,2,1,199,399,399,749,25,TRUE,TRUE,TRUE,FALSE,TRUE,TRUE,TRUE,TRUE,FALSE,FALSE,1000,Yes,Indifferent,OTT,Theatre,Theatre,OTT,Indifferent,OTT,Yes,1,0,499,749,0,0,499,2,1,1,1,1,TRUE,TRUE,FALSE,TRUE,FALSE,FALSE,FALSE,FALSE,TRUE,FALSE,FALSE,FALSE,FALSE,FALSE,FALSE,FALSE,"1 or 2 movies per month wont make a difference, you want to increase footfall to theatres and get subscriptions, 3-4 movies per month is the best option at an ideal price"
2/28/2025 12:19:01,142,18-24,Male,Student,Metro City,Not Applicable,1.00,Multiplex,1,2,3,5,4,4,4,299,399,399,249,5,TRUE,TRUE,TRUE,FALSE,FALSE,FALSE,FALSE,TRUE,FALSE,FALSE,250,Yes,Theatre,OTT,OTT,Indifferent,Theatre,Indifferent,OTT,Yes,2,499,749,999,499,749,999,1,3,3,1,2,FALSE,TRUE,TRUE,FALSE,FALSE,FALSE,FALSE,TRUE,FALSE,FALSE,FALSE,FALSE,FALSE,TRUE,FALSE,FALSE,
2/28/2025 12:26:45,143,18-24,Male,Working Professional,Metro City,150000,0.33,Multiplex,3,1,1,3,5,4,4,299,499,499,249,25,TRUE,TRUE,TRUE,FALSE,FALSE,FALSE,FALSE,FALSE,FALSE,FALSE,500,No,Indifferent,Indifferent,Indifferent,Indifferent,Indifferent,Indifferent,Indifferent,Yes,2,499,749,749,0,0,0,3,3,3,4,5,FALSE,TRUE,FALSE,FALSE,FALSE,FALSE,TRUE,FALSE,TRUE,FALSE,FALSE,FALSE,FALSE,FALSE,FALSE,TRUE,
2/28/2025 14:46:57,144,18-24,Male,Student,Metro City,Not Applicable,0.17,Multiplex,4,1,4,1,4,1,4,299,10000,499,499,5,TRUE,FALSE,FALSE,FALSE,FALSE,FALSE,FALSE,FALSE,FALSE,FALSE,250,No,Indifferent,Indifferent,Indifferent,Indifferent,Indifferent,Indifferent,Indifferent,Maybe,3,499,0,0,0,0,0,2,1,2,2,1,FALSE,TRUE,FALSE,FALSE,FALSE,TRUE,FALSE,FALSE,TRUE,FALSE,FALSE,FALSE,FALSE,FALSE,TRUE,FALSE,
2/28/2025 14:50:05,145,18-24,Male,Student,Metro City,Not Applicable,1.00,Multiplex,1,2,2,3,1,1,4,199,299,299,99,5,TRUE,TRUE,TRUE,FALSE,FALSE,FALSE,FALSE,TRUE,FALSE,FALSE,500,Yes,Theatre,OTT,OTT,OTT,OTT,Theatre,OTT,Maybe,3,0,0,0,0,0,0,1,1,1,1,1,FALSE,FALSE,FALSE,FALSE,FALSE,TRUE,FALSE,FALSE,FALSE,FALSE,FALSE,FALSE,FALSE,TRUE,FALSE,FALSE,
2/28/2025 14:52:12,146,18-24,Male,Student,Tier-3,Not Applicable,0.33,Multiplex,1,1,1,2,1,2,2,199,299,299,99,5,TRUE,FALSE,FALSE,FALSE,FALSE,FALSE,FALSE,FALSE,FALSE,FALSE,250,Yes,Indifferent,Indifferent,Indifferent,Indifferent,Indifferent,Indifferent,Indifferent,Maybe,1,0,0,0,0,0,0,1,1,1,1,1,FALSE,TRUE,FALSE,FALSE,TRUE,TRUE,TRUE,FALSE,FALSE,FALSE,FALSE,FALSE,FALSE,FALSE,FALSE,FALSE,
2/28/2025 15:11:31,147,25-34,Male,Working Professional,Metro City,150000,2.00,Multiplex,5,4,1,2,3,5,5,299,399,299,99,5,TRUE,TRUE,TRUE,TRUE,TRUE,FALSE,FALSE,FALSE,FALSE,FALSE,1000,No,Theatre,Theatre,Theatre,Theatre,Theatre,Theatre,Theatre,Yes,1,499,499,749,499,499,749,1,1,1,1,4,TRUE,FALSE,FALSE,TRUE,TRUE,FALSE,FALSE,FALSE,TRUE,FALSE,FALSE,FALSE,FALSE,FALSE,FALSE,FALSE,
2/28/2025 15:25:52,148,18-24,Male,Student,Tier-3,Not Applicable,0.33,Multiplex,2,2,1,2,3,3,4,199,299,299,249,25,FALSE,FALSE,FALSE,FALSE,FALSE,FALSE,FALSE,FALSE,FALSE,TRUE,250,Yes,Indifferent,Indifferent,Indifferent,Indifferent,Indifferent,Indifferent,Indifferent,Yes,2,0,499,749,499,499,749,2,4,1,3,5,FALSE,TRUE,FALSE,FALSE,FALSE,TRUE,TRUE,FALSE,TRUE,FALSE,FALSE,FALSE,FALSE,FALSE,FALSE,FALSE,
2/28/2025 15:33:21,149,18-24,Male,Student,Tier-3,Not Applicable,1.00,Multiplex,2,2,3,2,1,3,2,199,399,299,249,5,TRUE,TRUE,TRUE,FALSE,FALSE,FALSE,FALSE,FALSE,FALSE,FALSE,750,Yes,Theatre,Indifferent,Indifferent,OTT,Indifferent,Indifferent,OTT,Yes,2,0,499,749,0,0,499,4,2,5,3,2,TRUE,TRUE,FALSE,FALSE,FALSE,FALSE,TRUE,TRUE,FALSE,FALSE,FALSE,FALSE,FALSE,FALSE,FALSE,FALSE,N/A
2/28/2025 15:45:53,150,18-24,Female,Student,Tier-3,Not Applicable,0.33,Multiplex,1,1,1,1,2,2,2,199,299,299,10000,25,TRUE,TRUE,FALSE,FALSE,TRUE,TRUE,FALSE,FALSE,FALSE,FALSE,500,Yes,OTT,OTT,Indifferent,OTT,OTT,Indifferent,Indifferent,No,4,499,749,999,1499,1999,2499,1,2,2,2,2,FALSE,FALSE,TRUE,FALSE,FALSE,FALSE,TRUE,FALSE,FALSE,FALSE,FALSE,TRUE,FALSE,FALSE,TRUE,FALSE,
2/28/2025 15:52:00,151,18-24,Male,Student,Metro City,Not Applicable,8.00,Multiplex,3,2,2,2,3,3,5,299,10000,299,499,25,TRUE,TRUE,TRUE,FALSE,TRUE,TRUE,TRUE,FALSE,FALSE,TRUE,1500,Yes,Indifferent,Indifferent,Indifferent,Indifferent,Indifferent,Indifferent,Indifferent,Maybe,2,0,0,499,0,0,0,1,1,1,1,2,TRUE,FALSE,FALSE,FALSE,FALSE,FALSE,TRUE,FALSE,FALSE,FALSE,FALSE,FALSE,FALSE,FALSE,FALSE,TRUE,
2/28/2025 16:34:53,152,18-24,Male,Student,Tier-3,Not Applicable,0.33,Multiplex,1,2,4,4,4,4,4,299,10000,399,749,25,TRUE,TRUE,FALSE,FALSE,FALSE,FALSE,FALSE,FALSE,FALSE,FALSE,250,No,Theatre,Theatre,OTT,OTT,Theatre,Theatre,Theatre,Maybe,1,499,499,749,499,499,749,3,2,2,2,2,FALSE,TRUE,FALSE,FALSE,FALSE,TRUE,FALSE,FALSE,TRUE,FALSE,FALSE,FALSE,FALSE,FALSE,FALSE,TRUE,
2/28/2025 17:28:47,153,18-24,Male,Student,Tier-3,Not Applicable,8.00,Single Screen,5,5,1,1,3,5,5,299,499,299,499,25,TRUE,TRUE,TRUE,TRUE,FALSE,FALSE,FALSE,FALSE,FALSE,FALSE,500,Yes,Theatre,Theatre,Indifferent,Theatre,Theatre,OTT,OTT,No,3,0,0,0,0,0,0,1,1,1,1,1,TRUE,FALSE,FALSE,FALSE,TRUE,FALSE,TRUE,FALSE,TRUE,FALSE,FALSE,FALSE,FALSE,FALSE,FALSE,FALSE,
2/28/2025 20:37:11,154,18-24,Male,Student,Tier-3,Not Applicable,1.00,Single Screen,4,3,1,2,2,5,5,299,399,299,99,25,FALSE,FALSE,FALSE,FALSE,FALSE,FALSE,FALSE,FALSE,FALSE,TRUE,250,Yes,Indifferent,Indifferent,Indifferent,Indifferent,Indifferent,Indifferent,OTT,Yes,1,749,999,1499,1999,2499,2499,5,5,5,5,5,FALSE,FALSE,TRUE,FALSE,FALSE,TRUE,TRUE,FALSE,TRUE,FALSE,FALSE,FALSE,FALSE,FALSE,FALSE,FALSE,
2/28/2025 22:15:34,155,18-24,Male,Student,Tier-3,Not Applicable,2.00,Multiplex,4,1,1,1,3,4,5,299,10000,499,749,5,TRUE,TRUE,TRUE,FALSE,FALSE,FALSE,FALSE,FALSE,FALSE,FALSE,250,Yes,Theatre,OTT,Theatre,OTT,OTT,OTT,OTT,Maybe,3,0,0,999,0,0,1999,2,3,1,3,1,FALSE,FALSE,FALSE,FALSE,FALSE,FALSE,TRUE,FALSE,FALSE,FALSE,TRUE,TRUE,FALSE,FALSE,TRUE,FALSE,
3/1/2025 15:41:46,156,25-34,Male,Working Professional,Tier-3,150000,0.33,Multiplex,3,4,5,2,3,3,2,199,399,399,749,25,TRUE,FALSE,TRUE,FALSE,FALSE,FALSE,FALSE,FALSE,FALSE,FALSE,500,Yes,OTT,OTT,Indifferent,Indifferent,Theatre,OTT,Indifferent,No,5,0,499,499,0,0,0,3,1,2,5,5,FALSE,TRUE,FALSE,FALSE,FALSE,TRUE,FALSE,FALSE,FALSE,FALSE,TRUE,FALSE,FALSE,TRUE,FALSE,FALSE,
3/1/2025 20:38:26,157,25-34,Male,Student,Tier-1,Not Applicable,2.00,Multiplex,3,2,1,2,4,3,4,299,499,399,249,1,TRUE,TRUE,TRUE,FALSE,FALSE,FALSE,FALSE,FALSE,FALSE,FALSE,250,Yes,Theatre,OTT,OTT,OTT,Theatre,Theatre,OTT,Maybe,4,499,749,749,749,749,999,1,3,2,1,5,TRUE,FALSE,FALSE,FALSE,TRUE,FALSE,FALSE,FALSE,FALSE,FALSE,FALSE,TRUE,FALSE,FALSE,TRUE,FALSE,
3/1/2025 21:10:26,158,25-34,Female,Working Professional,Tier-3,25000,0.17,Multiplex,2,1,1,1,1,1,2,499,499,499,999,2,TRUE,FALSE,FALSE,FALSE,FALSE,FALSE,FALSE,FALSE,FALSE,FALSE,250,Yes,Indifferent,Indifferent,Theatre,Indifferent,Theatre,Indifferent,Theatre,Yes,1,499,749,499,499,499,499,3,2,1,3,1,FALSE,FALSE,FALSE,FALSE,FALSE,FALSE,FALSE,FALSE,FALSE,FALSE,FALSE,FALSE,FALSE,FALSE,TRUE,FALSE,
3/1/2025 21:27:12,159,25-34,Male,Working Professional,Tier-3,75000,1.00,Multiplex,4,3,5,4,4,4,5,299,399,399,99,5,TRUE,TRUE,FALSE,FALSE,FALSE,FALSE,FALSE,FALSE,FALSE,FALSE,500,Yes,Indifferent,Indifferent,OTT,Indifferent,Indifferent,Indifferent,OTT,No,3,0,499,749,999,999,1999,2,2,2,1,2,FALSE,FALSE,FALSE,FALSE,FALSE,FALSE,TRUE,FALSE,FALSE,FALSE,FALSE,TRUE,FALSE,FALSE,TRUE,TRUE,
3/1/2025 21:30:42,160,25-34,Male,Student,Tier-3,25000,0.33,Multiplex,5,1,5,5,2,2,2,299,299,299,749,1,FALSE,FALSE,TRUE,FALSE,FALSE,FALSE,FALSE,FALSE,FALSE,FALSE,500,Maybe,Indifferent,Indifferent,Theatre,Indifferent,Theatre,Indifferent,OTT,Yes,2,0,0,0,0,0,0,1,2,3,5,4,TRUE,FALSE,FALSE,FALSE,FALSE,FALSE,FALSE,FALSE,FALSE,FALSE,FALSE,FALSE,FALSE,TRUE,FALSE,FALSE,
3/1/2025 21:35:34,161,18-24,Male,Student,Metro City,150000,2.00,Multiplex,3,3,4,5,2,4,2,199,299,199,99,5,TRUE,TRUE,TRUE,FALSE,TRUE,TRUE,FALSE,FALSE,TRUE,FALSE,1000,Maybe,Theatre,Indifferent,Indifferent,OTT,Theatre,Indifferent,OTT,Maybe,2,499,749,749,0,499,749,4,2,3,4,2,FALSE,TRUE,FALSE,TRUE,FALSE,FALSE,FALSE,FALSE,TRUE,FALSE,FALSE,FALSE,FALSE,FALSE,FALSE,TRUE,
3/1/2025 22:08:06,162,25-34,Male,Student,Metro City,Not Applicable,0.33,Multiplex,2,2,1,2,5,5,5,299,10000,399,99,2,FALSE,FALSE,TRUE,FALSE,FALSE,FALSE,FALSE,FALSE,FALSE,FALSE,250,Yes,Theatre,Theatre,OTT,OTT,Theatre,OTT,OTT,Yes,1,0,0,0,0,0,0,4,5,1,1,1,FALSE,FALSE,FALSE,FALSE,FALSE,FALSE,FALSE,FALSE,FALSE,FALSE,FALSE,FALSE,FALSE,FALSE,FALSE,TRUE,
3/1/2025 23:22:42,163,25-34,Female,Homemaker,Metro City,25000,0.33,Multiplex,2,1,1,2,3,1,4,199,299,299,99,25,TRUE,TRUE,TRUE,FALSE,FALSE,TRUE,FALSE,TRUE,FALSE,FALSE,750,Yes,Theatre,Theatre,OTT,OTT,OTT,OTT,OTT,Maybe,3,499,749,749,0,0,0,4,5,5,3,3,TRUE,FALSE,FALSE,FALSE,FALSE,FALSE,FALSE,FALSE,FALSE,FALSE,FALSE,FALSE,TRUE,TRUE,TRUE,FALSE,
3/1/2025 23:26:46,164,18-24,Male,Working Professional,Metro City,150000,2.00,Multiplex,5,1,1,2,5,5,1,299,399,10000,499,5,TRUE,TRUE,TRUE,FALSE,FALSE,FALSE,FALSE,TRUE,FALSE,TRUE,750,Maybe,Indifferent,OTT,Indifferent,OTT,OTT,Indifferent,Indifferent,Yes,2,499,749,999,0,499,999,3,2,1,1,2,TRUE,TRUE,FALSE,FALSE,FALSE,FALSE,FALSE,FALSE,FALSE,FALSE,FALSE,FALSE,TRUE,FALSE,TRUE,FALSE,
3/1/2025 23:46:33,165,18-24,Male,Working Professional,Metro City,100000,0.33,Multiplex,2,1,1,2,3,1,1,299,499,499,99,25,TRUE,TRUE,TRUE,FALSE,FALSE,FALSE,FALSE,FALSE,FALSE,FALSE,1000,Yes,Theatre,Theatre,OTT,OTT,OTT,OTT,Indifferent,Yes,1,0,499,999,0,499,999,4,1,1,4,1,FALSE,FALSE,FALSE,FALSE,FALSE,FALSE,FALSE,FALSE,TRUE,FALSE,FALSE,TRUE,TRUE,FALSE,TRUE,FALSE,
3/1/2025 23:51:57,166,25-34,Male,Student,Tier-2,1000000,2.00,Multiplex,3,2,5,5,4,3,1,399,10000,499,499,5,TRUE,TRUE,TRUE,FALSE,FALSE,FALSE,FALSE,FALSE,FALSE,FALSE,750,Yes,Theatre,Theatre,OTT,OTT,Theatre,Theatre,OTT,Maybe,2,499,749,999,749,499,499,5,1,4,5,2,FALSE,TRUE,TRUE,FALSE,FALSE,FALSE,FALSE,FALSE,FALSE,FALSE,FALSE,TRUE,FALSE,FALSE,TRUE,FALSE,
3/1/2025 23:53:01,167,25-34,Female,Homemaker,Metro City,Not Applicable,0.33,Multiplex,3,1,2,2,2,1,4,299,10000,10000,10000,25,TRUE,TRUE,TRUE,FALSE,FALSE,TRUE,FALSE,FALSE,FALSE,FALSE,750,Yes,Theatre,Theatre,OTT,Theatre,OTT,OTT,OTT,Yes,1,0,0,0,0,0,0,1,1,2,1,1,FALSE,FALSE,FALSE,FALSE,FALSE,TRUE,FALSE,FALSE,FALSE,FALSE,FALSE,TRUE,FALSE,TRUE,TRUE,FALSE,
3/1/2025 23:58:06,168,18-24,Male,Working Professional,Tier-1,150000,1.00,Multiplex,1,3,1,2,3,3,3,299,399,399,99,5,TRUE,TRUE,TRUE,FALSE,TRUE,FALSE,FALSE,FALSE,FALSE,FALSE,500,Maybe,Indifferent,Indifferent,Theatre,Theatre,Indifferent,OTT,Indifferent,Maybe,3,499,499,749,999,749,749,2,3,3,2,3,TRUE,FALSE,FALSE,FALSE,FALSE,FALSE,FALSE,TRUE,FALSE,FALSE,FALSE,TRUE,FALSE,FALSE,TRUE,FALSE,
3/2/2025 0:04:07,169,25-34,Male,Working Professional,Tier-3,75000,0.17,Single Screen,1,1,1,2,2,1,2,199,299,299,99,25,FALSE,TRUE,TRUE,FALSE,FALSE,FALSE,FALSE,FALSE,FALSE,TRUE,1000,Yes,OTT,Indifferent,Theatre,Indifferent,Indifferent,OTT,Theatre,No,1,0,0,0,0,0,0,2,2,2,2,2,FALSE,FALSE,FALSE,FALSE,FALSE,FALSE,FALSE,FALSE,FALSE,FALSE,FALSE,FALSE,FALSE,FALSE,TRUE,FALSE,
3/2/2025 0:24:23,170,25-34,Female,Student,Tier-1,Not Applicable,0.33,Multiplex,1,2,3,3,5,3,4,299,499,399,499,1,TRUE,TRUE,TRUE,FALSE,FALSE,FALSE,FALSE,FALSE,FALSE,FALSE,500,No,Theatre,Indifferent,OTT,OTT,OTT,OTT,OTT,Maybe,2,499,499,749,499,499,749,1,5,4,2,3,FALSE,TRUE,FALSE,TRUE,FALSE,FALSE,FALSE,FALSE,FALSE,FALSE,FALSE,FALSE,FALSE,FALSE,TRUE,TRUE,No
3/2/2025 0:29:29,171,18-24,Male,Student,Tier-2,Not Applicable,2.00,Multiplex,3,3,5,4,5,2,1,299,299,299,99,5,TRUE,TRUE,TRUE,FALSE,FALSE,FALSE,FALSE,FALSE,FALSE,FALSE,500,Yes,Indifferent,Indifferent,Indifferent,Indifferent,Indifferent,Indifferent,Indifferent,Maybe,1,499,749,749,749,499,499,3,3,3,3,3,FALSE,TRUE,FALSE,TRUE,FALSE,FALSE,FALSE,FALSE,FALSE,FALSE,FALSE,FALSE,FALSE,FALSE,TRUE,TRUE,
3/2/2025 0:35:49,172,18-24,Female,Working Professional,Metro City,150000,2.00,Multiplex,4,1,2,3,2,2,5,199,399,299,499,25,TRUE,TRUE,TRUE,FALSE,FALSE,FALSE,FALSE,FALSE,FALSE,FALSE,750,No,Indifferent,Indifferent,Indifferent,Indifferent,Indifferent,Indifferent,Indifferent,Yes,2,0,499,499,0,0,499,1,1,1,2,3,FALSE,FALSE,FALSE,TRUE,FALSE,FALSE,FALSE,FALSE,FALSE,FALSE,FALSE,TRUE,TRUE,FALSE,TRUE,FALSE,
3/2/2025 0:38:10,173,25-34,Male,Student,Metro City,Not Applicable,8.00,Multiplex,2,1,1,3,4,5,5,99,199,199,99,25,FALSE,FALSE,TRUE,FALSE,FALSE,FALSE,FALSE,FALSE,FALSE,FALSE,250,Maybe,Indifferent,OTT,OTT,OTT,OTT,OTT,OTT,Yes,2,499,499,499,499,499,499,2,4,1,3,5,TRUE,TRUE,FALSE,FALSE,FALSE,FALSE,TRUE,FALSE,FALSE,FALSE,TRUE,FALSE,FALSE,FALSE,FALSE,FALSE,
3/2/2025 0:46:46,174,18-24,Male,Student,Metro City,Not Applicable,4.00,Multiplex,1,1,1,1,1,1,5,399,10000,399,999,25,TRUE,TRUE,TRUE,FALSE,TRUE,TRUE,FALSE,FALSE,FALSE,FALSE,750,Yes,Theatre,OTT,OTT,OTT,OTT,Theatre,OTT,Yes,1,0,0,749,0,0,0,1,2,1,1,2,FALSE,FALSE,TRUE,FALSE,FALSE,FALSE,FALSE,TRUE,FALSE,FALSE,FALSE,TRUE,TRUE,FALSE,FALSE,FALSE,
3/2/2025 0:49:45,175,18-24,Male,Working Professional,Metro City,50000,0.17,Multiplex,3,2,1,2,3,4,4,499,10000,10000,499,25,TRUE,TRUE,TRUE,FALSE,FALSE,FALSE,FALSE,FALSE,FALSE,FALSE,750,Maybe,Theatre,Indifferent,Indifferent,Indifferent,Indifferent,Indifferent,Indifferent,Yes,1,0,499,0,0,0,0,3,3,2,3,2,FALSE,TRUE,FALSE,FALSE,FALSE,FALSE,FALSE,FALSE,TRUE,FALSE,FALSE,FALSE,TRUE,FALSE,TRUE,FALSE,
3/2/2025 0:52:02,176,25-34,Male,Student,Tier-1,Not Applicable,0.17,Multiplex,5,5,4,4,4,3,3,399,10000,499,499,5,TRUE,TRUE,FALSE,FALSE,FALSE,FALSE,FALSE,FALSE,TRUE,FALSE,1000,Yes,Theatre,OTT,Theatre,Theatre,OTT,OTT,OTT,Maybe,4,499,749,749,999,999,1499,1,3,2,3,4,FALSE,FALSE,FALSE,FALSE,FALSE,FALSE,FALSE,FALSE,TRUE,FALSE,FALSE,FALSE,TRUE,FALSE,TRUE,TRUE,
3/2/2025 1:06:56,177,18-24,Male,Working Professional,Tier-2,50000,1.00,Multiplex,3,2,1,3,2,2,2,199,399,299,99,5,TRUE,FALSE,TRUE,FALSE,FALSE,FALSE,FALSE,FALSE,FALSE,FALSE,500,Maybe,Indifferent,Indifferent,Indifferent,Indifferent,Indifferent,Indifferent,Indifferent,Maybe,2,499,0,0,0,0,0,1,1,1,1,1,FALSE,TRUE,FALSE,FALSE,FALSE,FALSE,TRUE,FALSE,TRUE,FALSE,FALSE,FALSE,FALSE,FALSE,FALSE,FALSE,
3/2/2025 1:37:43,178,18-24,Male,Student,Metro City,1000000,1.00,Multiplex,4,2,1,2,5,5,5,299,499,499,249,5,TRUE,FALSE,TRUE,FALSE,FALSE,FALSE,FALSE,FALSE,FALSE,FALSE,500,Yes,Theatre,Indifferent,OTT,Indifferent,Indifferent,Theatre,OTT,Maybe,1,499,499,499,499,499,499,2,5,1,1,3,FALSE,TRUE,FALSE,FALSE,FALSE,FALSE,FALSE,TRUE,TRUE,FALSE,FALSE,FALSE,TRUE,FALSE,FALSE,FALSE,I don't think I would be willing to pay extra for the OTT plan. Even if I were it would have to be a marginal amount. But given that netflix does introduce this idea I would switch over from Amazon or any other OTT to become a loyal member of Netflix.
3/2/2025 1:56:17,179,25-34,Female,Working Professional,Metro City,1000000,4.00,Multiplex,2,1,3,2,2,1,2,399,499,399,499,5,TRUE,TRUE,TRUE,FALSE,TRUE,FALSE,FALSE,FALSE,FALSE,FALSE,1000,Yes,Theatre,OTT,Theatre,Theatre,OTT,OTT,Indifferent,No,2,0,499,749,0,0,0,2,4,4,4,4,FALSE,FALSE,FALSE,FALSE,FALSE,FALSE,FALSE,TRUE,FALSE,FALSE,FALSE,FALSE,TRUE,TRUE,TRUE,FALSE,
3/2/2025 2:16:49,180,18-24,Female,Working Professional,Metro City,75000,1.00,Multiplex,1,1,1,1,1,2,5,299,499,10000,499,5,TRUE,TRUE,TRUE,FALSE,FALSE,FALSE,FALSE,FALSE,FALSE,FALSE,1500,Yes,Theatre,Theatre,OTT,OTT,Indifferent,OTT,OTT,Maybe,3,499,499,499,499,499,499,2,2,2,3,5,FALSE,FALSE,FALSE,FALSE,FALSE,FALSE,FALSE,FALSE,FALSE,TRUE,FALSE,TRUE,TRUE,TRUE,FALSE,FALSE,
3/2/2025 2:26:43,181,18-24,Male,Working Professional,Metro City,75000,2.00,Multiplex,1,2,1,2,3,3,5,299,10000,399,99,25,TRUE,TRUE,TRUE,FALSE,TRUE,FALSE,FALSE,FALSE,FALSE,FALSE,500,Yes,Theatre,OTT,Theatre,Theatre,OTT,Theatre,OTT,Maybe,2,499,749,999,0,0,0,4,4,2,1,3,TRUE,TRUE,FALSE,FALSE,FALSE,FALSE,FALSE,TRUE,FALSE,FALSE,FALSE,FALSE,FALSE,FALSE,TRUE,FALSE,
3/2/2025 2:36:49,182,25-34,Male,Working Professional,Metro City,150000,0.17,Multiplex,3,3,1,2,5,3,2,499,10000,10000,499,25,TRUE,FALSE,FALSE,FALSE,FALSE,FALSE,FALSE,FALSE,TRUE,FALSE,750,Yes,Theatre,OTT,OTT,Theatre,Indifferent,Theatre,OTT,Maybe,2,499,749,999,0,0,499,1,5,1,4,3,FALSE,TRUE,FALSE,TRUE,FALSE,FALSE,FALSE,TRUE,FALSE,FALSE,FALSE,FALSE,FALSE,FALSE,FALSE,TRUE,"The content quality and exclusiveness will be the key incentive for me to start going to theatres more frequently for the experience.
Also, maybe a subtle push can be done fron the OTT platform itself suggesting a new movie release at a nearby theatre and possible to be booked within the app/ott website can be nice user conversion point.

A very interesting service though "
3/2/2025 9:04:25,183,18-24,Female,Student,Metro City,Not Applicable,0.33,Multiplex,1,3,1,3,1,4,4,199,299,299,99,2,TRUE,FALSE,TRUE,FALSE,FALSE,FALSE,FALSE,FALSE,FALSE,FALSE,750,Yes,Theatre,OTT,Theatre,Theatre,Theatre,Theatre,OTT,No,3,0,0,0,0,0,0,1,1,1,1,5,FALSE,FALSE,FALSE,FALSE,FALSE,FALSE,FALSE,FALSE,FALSE,FALSE,FALSE,FALSE,FALSE,FALSE,FALSE,TRUE,
3/2/2025 9:16:54,184,25-34,Male,Working Professional,Metro City,1000000,0.33,Multiplex,3,5,5,5,5,5,5,299,399,399,499,25,TRUE,TRUE,TRUE,FALSE,TRUE,TRUE,FALSE,FALSE,FALSE,FALSE,500,Yes,Indifferent,OTT,Indifferent,Indifferent,Indifferent,Indifferent,Indifferent,Yes,1,0,499,749,999,999,999,5,5,5,5,5,FALSE,FALSE,FALSE,FALSE,FALSE,FALSE,FALSE,TRUE,FALSE,FALSE,TRUE,TRUE,FALSE,TRUE,FALSE,FALSE,
3/2/2025 9:49:29,185,18-24,Male,Student,Metro City,Not Applicable,0.33,Multiplex,1,1,1,1,1,1,1,399,399,399,499,25,TRUE,TRUE,TRUE,FALSE,FALSE,TRUE,FALSE,FALSE,FALSE,FALSE,1500,Yes,OTT,OTT,OTT,OTT,OTT,OTT,OTT,Maybe,3,499,749,1499,499,749,1499,1,1,1,1,1,FALSE,TRUE,FALSE,FALSE,FALSE,TRUE,FALSE,TRUE,FALSE,FALSE,FALSE,FALSE,FALSE,FALSE,FALSE,TRUE,
3/2/2025 9:52:50,186,18-24,Female,Working Professional,Metro City,75000,0.33,Multiplex,3,2,2,1,4,2,3,299,399,299,499,5,TRUE,TRUE,TRUE,FALSE,FALSE,FALSE,FALSE,FALSE,FALSE,FALSE,750,Maybe,Indifferent,Indifferent,Indifferent,Indifferent,Indifferent,Indifferent,Indifferent,Yes,1,499,749,1499,0,0,0,2,1,2,3,5,FALSE,TRUE,TRUE,FALSE,FALSE,FALSE,FALSE,FALSE,FALSE,FALSE,FALSE,FALSE,FALSE,FALSE,TRUE,TRUE,
3/2/2025 10:10:35,187,18-24,Male,Working Professional,Metro City,50000,4.00,Multiplex,1,3,1,1,2,1,1,299,399,399,99,5,TRUE,TRUE,FALSE,FALSE,FALSE,FALSE,FALSE,FALSE,FALSE,FALSE,500,Yes,Theatre,Theatre,Theatre,Theatre,OTT,OTT,OTT,Yes,3,0,0,499,499,499,499,1,1,1,1,1,FALSE,FALSE,FALSE,FALSE,FALSE,FALSE,FALSE,FALSE,FALSE,FALSE,FALSE,TRUE,FALSE,FALSE,TRUE,TRUE,
3/2/2025 10:33:51,188,18-24,Male,Other,Tier-3,25000,0.33,Multiplex,4,4,5,5,5,5,5,299,499,499,249,2,TRUE,TRUE,FALSE,FALSE,FALSE,FALSE,FALSE,FALSE,FALSE,FALSE,250,Maybe,Indifferent,Indifferent,Indifferent,Indifferent,Indifferent,Indifferent,Indifferent,No,3,499,749,749,749,749,749,4,3,4,5,5,FALSE,FALSE,FALSE,FALSE,FALSE,FALSE,FALSE,FALSE,FALSE,FALSE,FALSE,TRUE,FALSE,TRUE,TRUE,TRUE,No
3/2/2025 10:57:47,189,18-24,Female,Student,Metro City,Not Applicable,0.33,Multiplex,4,4,2,3,4,2,4,299,499,499,499,5,TRUE,TRUE,TRUE,FALSE,FALSE,FALSE,FALSE,FALSE,FALSE,FALSE,500,No,Indifferent,Indifferent,Indifferent,Indifferent,Indifferent,Indifferent,Indifferent,Maybe,2,499,749,0,0,0,0,2,4,4,4,4,FALSE,TRUE,FALSE,TRUE,FALSE,FALSE,FALSE,FALSE,FALSE,FALSE,FALSE,TRUE,FALSE,TRUE,FALSE,FALSE,
3/2/2025 10:58:55,190,18-24,Female,Student,Metro City,Not Applicable,0.33,Multiplex,1,1,1,2,1,5,2,299,399,99,499,25,TRUE,TRUE,FALSE,FALSE,FALSE,TRUE,FALSE,FALSE,FALSE,FALSE,250,Yes,Theatre,Indifferent,Indifferent,Theatre,Theatre,Indifferent,Indifferent,Yes,1,499,499,499,499,499,499,1,1,1,2,1,FALSE,FALSE,FALSE,FALSE,FALSE,FALSE,FALSE,FALSE,FALSE,FALSE,FALSE,FALSE,FALSE,FALSE,TRUE,FALSE,
3/2/2025 11:01:18,191,18-24,Male,Working Professional,Metro City,50000,1.00,Multiplex,2,2,1,2,2,2,5,199,299,299,499,5,TRUE,TRUE,TRUE,FALSE,TRUE,TRUE,FALSE,FALSE,FALSE,FALSE,1000,Yes,Indifferent,Theatre,Indifferent,OTT,Theatre,Indifferent,OTT,Yes,2,0,499,749,0,0,0,2,3,2,2,2,FALSE,FALSE,FALSE,FALSE,FALSE,FALSE,FALSE,TRUE,FALSE,FALSE,FALSE,TRUE,FALSE,FALSE,FALSE,FALSE,
3/2/2025 11:33:28,192,18-24,Male,Working Professional,Metro City,150000,2.00,Multiplex,1,1,1,1,1,5,5,399,499,10000,99,5,TRUE,FALSE,TRUE,FALSE,TRUE,FALSE,FALSE,FALSE,FALSE,FALSE,750,Yes,Theatre,OTT,Theatre,Indifferent,OTT,OTT,Indifferent,Yes,1,499,749,999,499,499,749,4,4,1,3,1,FALSE,FALSE,FALSE,FALSE,FALSE,FALSE,FALSE,TRUE,FALSE,FALSE,FALSE,TRUE,FALSE,FALSE,TRUE,TRUE,
3/2/2025 11:58:29,193,18-24,Male,Student,Metro City,Not Applicable,0.33,Multiplex,1,2,3,1,4,3,2,199,99,99,499,5,TRUE,TRUE,FALSE,FALSE,FALSE,FALSE,FALSE,FALSE,FALSE,FALSE,250,Yes,Theatre,OTT,Indifferent,OTT,OTT,OTT,Theatre,Yes,1,499,499,499,499,499,749,1,5,2,2,4,FALSE,FALSE,FALSE,FALSE,FALSE,FALSE,FALSE,FALSE,FALSE,FALSE,TRUE,TRUE,FALSE,TRUE,TRUE,FALSE,
3/2/2025 12:17:58,194,25-34,Female,Homemaker,Tier-3,25000,0.33,Multiplex,1,1,1,1,1,2,2,99,199,299,99,2,TRUE,TRUE,TRUE,FALSE,FALSE,FALSE,FALSE,FALSE,FALSE,FALSE,250,Yes,Theatre,OTT,Theatre,OTT,Indifferent,Indifferent,Theatre,Yes,1,0,0,0,0,0,0,3,3,2,2,3,FALSE,FALSE,FALSE,FALSE,FALSE,FALSE,FALSE,FALSE,FALSE,FALSE,TRUE,TRUE,FALSE,FALSE,TRUE,FALSE,
3/2/2025 13:14:50,195,25-34,Female,Student,Tier-3,75000,0.33,Multiplex,4,3,4,3,4,4,4,199,199,299,499,5,TRUE,TRUE,TRUE,FALSE,FALSE,FALSE,FALSE,FALSE,FALSE,FALSE,500,Yes,Indifferent,Theatre,Indifferent,Indifferent,Indifferent,Indifferent,Theatre,Yes,3,499,749,749,749,749,749,2,3,3,3,2,FALSE,FALSE,FALSE,TRUE,FALSE,TRUE,FALSE,FALSE,FALSE,FALSE,FALSE,FALSE,TRUE,FALSE,FALSE,TRUE,
3/2/2025 14:02:44,196,18-24,Female,Entrepreneur,Tier-1,50000,0.17,Multiplex,3,3,3,3,1,3,2,199,399,499,999,25,TRUE,TRUE,TRUE,FALSE,TRUE,TRUE,FALSE,FALSE,FALSE,TRUE,10000,Yes,OTT,Theatre,OTT,OTT,OTT,OTT,OTT,No,3,0,0,749,499,749,999,4,3,5,5,5,FALSE,TRUE,FALSE,FALSE,FALSE,FALSE,FALSE,FALSE,FALSE,FALSE,FALSE,FALSE,TRUE,TRUE,FALSE,FALSE,
3/2/2025 14:33:14,197,18-24,Male,Working Professional,Metro City,50000,4.00,Multiplex,3,2,1,2,4,5,3,299,10000,499,749,25,TRUE,TRUE,TRUE,FALSE,FALSE,FALSE,FALSE,FALSE,FALSE,FALSE,500,Maybe,Indifferent,Indifferent,Indifferent,Indifferent,Indifferent,Indifferent,Indifferent,Yes,2,499,749,749,499,499,749,5,2,2,5,1,FALSE,FALSE,TRUE,FALSE,FALSE,FALSE,FALSE,TRUE,FALSE,FALSE,FALSE,FALSE,FALSE,FALSE,FALSE,FALSE,
3/2/2025 15:28:52,198,25-34,Male,Working Professional,Metro City,150000,0.33,Multiplex,1,4,5,5,1,1,1,399,499,99,249,25,TRUE,TRUE,TRUE,FALSE,TRUE,TRUE,TRUE,TRUE,FALSE,FALSE,500,Yes,Theatre,OTT,OTT,OTT,Theatre,OTT,OTT,Yes,3,499,499,499,499,499,499,4,1,1,1,1,FALSE,TRUE,FALSE,TRUE,FALSE,FALSE,FALSE,TRUE,FALSE,FALSE,FALSE,FALSE,TRUE,FALSE,FALSE,FALSE,
3/2/2025 17:47:00,199,18-24,Male,Student,Tier-3,Not Applicable,0.33,Multiplex,4,4,5,5,5,4,4,99,99,99,99,25,TRUE,FALSE,FALSE,FALSE,FALSE,FALSE,FALSE,FALSE,FALSE,FALSE,250,Yes,Indifferent,OTT,OTT,Indifferent,OTT,OTT,OTT,Yes,3,499,499,499,499,499,499,2,2,2,2,2,FALSE,FALSE,FALSE,FALSE,TRUE,FALSE,FALSE,FALSE,TRUE,FALSE,FALSE,FALSE,FALSE,FALSE,FALSE,FALSE,
3/2/2025 20:00:50,200,25-34,Female,Working Professional,Metro City,100000,1.00,Multiplex,3,2,1,2,2,4,4,299,499,10000,499,25,TRUE,TRUE,TRUE,FALSE,FALSE,FALSE,FALSE,FALSE,FALSE,FALSE,500,Yes,Theatre,Indifferent,Indifferent,Theatre,Indifferent,OTT,OTT,Maybe,4,0,0,0,499,0,0,3,3,4,4,4,FALSE,FALSE,FALSE,FALSE,FALSE,FALSE,FALSE,FALSE,FALSE,FALSE,FALSE,FALSE,FALSE,TRUE,TRUE,FALSE,
3/2/2025 20:27:04,201,25-34,Male,Working Professional,Metro City,100000,8.00,Multiplex,3,4,1,1,2,4,4,299,10000,399,749,25,TRUE,TRUE,TRUE,FALSE,FALSE,FALSE,FALSE,FALSE,FALSE,FALSE,750,Yes,Theatre,OTT,OTT,Theatre,OTT,Indifferent,OTT,Maybe,3,749,749,749,499,499,499,2,2,2,2,2,FALSE,TRUE,FALSE,FALSE,FALSE,FALSE,FALSE,FALSE,FALSE,FALSE,FALSE,TRUE,TRUE,FALSE,FALSE,TRUE,
3/2/2025 21:16:56,202,18-24,Male,Working Professional,Tier-2,100000,0.33,Multiplex,5,2,1,3,5,5,5,199,10000,399,499,2,TRUE,TRUE,TRUE,FALSE,FALSE,TRUE,FALSE,TRUE,FALSE,FALSE,500,Maybe,Theatre,OTT,Indifferent,Theatre,OTT,Indifferent,OTT,Yes,2,0,499,749,0,0,0,1,4,3,1,4,TRUE,TRUE,FALSE,FALSE,FALSE,FALSE,FALSE,TRUE,FALSE,FALSE,FALSE,FALSE,FALSE,FALSE,TRUE,FALSE,"Given the busyness of my life, going to the theater might not always seem practical as I am getting older. However, if I had this Golden ticket subscription service that not only provides access to movies but also sends timely reminders like 'Your 4 free movies are about to expire this month,' it would act as a gentle nudge to motivate me to take the time and enjoy the experience. It would make the idea of going back to the theater more enticing and integrate it into my schedule, while also creating a sense of urgency to make the most out of my subscription. Well as a suggestion, if there is a platform where golden ticket subscribers can form as a community and share each other views on movie recommendations or calling out for group movie outings with strangers. I guess more people would be interested. Great job btw, all the best for your project 👍"